,title,content
9999995," 여야, 재보선 '시동'…與, 전당원 투표·野 시민공청회",더불어민주당이 내년 4월 보궐선거에서 서울·부산시장 후보를 내기 위한 전 당원 투표에 돌입했습니다.
9999995,"뿔난 임대인들 ""임대주택특별·임대차보호법 헌법소원 낸다""","등록임대사업자와 일반 임대인 등으로 구성된 대한주택임대인협회가 ""정부가 민간임대주택에 관한 특별법을 개정해 민간임대주택 제도를 폐지하고, 주택임대차보호법울 개정한 것은 위헌""이라며 오는 19일 헌법소원심판을 청구하겠다고 14일 밝혔다."
9999995,"황교안, 국민의힘 종로 조직위원장 사퇴",황교안 전 대표가 국민의힘에서 가지고 있던 마지막 당직까지 내려놓은 것으로 확인됐다.
9999995,"'유튜브 등장' 홍남기, '한국형 재정준칙' 비판에 직접 반박",홍남기 부총리는 24일 오전 11시 기획재정부 유튜브 계정에 업로드된 '경제부총리 직강-한국형 재정준칙 마스터하기'라는 제목의 5개의 강의식 영상에 모두 출연해 재정준칙의 필요성과 실효성 등에 대해 설명했다.
9999995,"'삼성 비판자' 민주당 박용진 ""우리 경제 새 질서 시작되길""",여당의 대표적인 '삼성 비판자'로 꼽히는 더불어민주당 박용진 의원은 이건희 회장의 별세를 계기로 삼성과 우리 경제의 새 질서가 시작되길 바란다고 밝혔습니다.
9999995,"중도개발공사, 레고랜드 사업 가용 재원 81억 원 불과","강원도가 도의회에 제출한 행정사무감사 자료를 보면, 지난달 기준, 중도개발공사의 가용재원은 81억 원이었습니다."
9999995,"이재명, ‘경제포기한 문대통령’ 발언 유승민에 “맹목적 비난 말고 대안 제시를”",이재명 경기도지사는 21일 “국민의 힘 유승민 전 의원은 맹목적 비난이 아닌 국민들에게 공감을 얻을 수 있는 경제전문가 다운 대안을 제시해주시길 바란다”고 했다.
9999995,"이중근 부영회장, 지주사·6개계열사 대표이사직 물러나",대법원 실형이 확정된 이중근 부영그룹 회장이 지주사와 6개 계열사의 대표이사·사내이사직에서 물러났다.
9999995,"KAIST, 단백질로 엮어낸 이중나선 개발",한국과학기술원은 바이오및뇌공학과 최명철 교수 연구팀이 나노소재의 기초물질로 활용할 수 있는 단백질을 새롭게 발굴했다고 30일 밝혔다.
9999995,"세입자 ""2년 더"" 집주인 ""제때 못 팔아""…연쇄 갈등",이번 주 전셋값이 5년 반 만에 가장 큰 폭으로 올랐습니다.
9999995, 어제 75명 신규 확진…사흘째 두 자릿수 확진,추석 연휴가 막바지에 접어든 가운데 귀성·귀경객 가운데 코로나19 확진 판정을 받은 환자가 2명 확인됐습니다.
9999995,연평도 수색 현장에서 위령제 지내는 하태경 의원,공감언론 뉴시스가 독자 여러분의 소중한 제보를 기다립니다.
9999995,개천절 ‘코로나19’ 확진자 없어…“방역지침 준수 당부”,개천절인 오늘 전북에서는 코로나19 확진자가 발생하지 않아 누적 확진자는 백29명을 유지했습니다.
9999995,현대차 '정의선 시대'… 모빌리티 혁신 앞당긴다,정의선 현대자동차그룹 수석부회장이 회장에 취임한다.
9999995,"강경화, 스웨덴 외교장관과 통화…'유명희 지지 요청'","외교부에 따르면 양국 장관은 이날 오후 통화를 하고 한·스웨덴 관계 발전, 코로나19 대응, WTO 사무총장 선출 등 국제무대에서의 협력 방안 등에 대해 논의했다."
9999995,대전 ‘갑천1 트리풀시티 힐스테이트’ 내일 분양공고,대전 '갑천1 트리풀시티 힐스테이트' 아파트가 내일 분양공고를 시작으로 본격 분양에 들어갑니다.
9999995,민주화운동 전형으로 연세대·고려대·이화여대 등 100여명 입학,"26일 국회 교육위원회 소속 김병욱 국민의힘 의원이 교육부로부터 제출받은 '전국 대학교 민주화운동 관련 전형 합격자 현황'에 따르면, 2016년부터 올해까지 연세대 30명, 고려대 3명, 아주대 3명, 전남대 21명 등 총 98명이 민주화운동 관련자 전형으로 입학한 것으로 나타났다."
9999995,이달 중 원자력안전대책위 구성…외부위원 위촉,지난 6월 부산시의회를 통과한 원자력 안전 조례에 따라 부산시가 이달 중으로 원자력안전대책위원회를 꾸립니다.
9999995,늘어나는 수소차…충전소는 없고 적자 경영난,정부가 지난해 '수소경제 활성화 로드맵'을 발표한 뒤 거리에는 수소차가 눈에 띄게 늘었는데요.
9999995,"한준호 ""IAEA 통합규제검토서비스로 원전 가동중단 해결해야""","한 의원은 이날 보도자료를 내고 ""올해 태풍 마이삭으로 고리3호기와 4호기가 8분 시차를 두고 정지됐는데, 1978년 이래 태풍 피해로 발생한 원전 정지 17건이 모두 비안전 전력계통 설비가 원인이었다""며 이같이 지적했다."
9999995,2021년 시행 세법개정안 중 개인유사법인 강제 배당,제 직업은 기업컨설턴트입니다.
9999995,빵집 영업이익률 15%… 커피·치킨집 보다 못벌어,전국 9000여개 빵집의 매출액 대비 영업이익률이 15% 정도로 나타났다.
9999995,美 폼페이오 방한 '취소'에 이어 中 왕이 방한도 '보류'된 듯,외교 소식통 등에 따르면 중국은 폼페이오 장관의 방한 이후로 추진하던 왕 부장의 10월 방한 계획을 일단 보류한 것으로 알려졌다.
9999995,"'2년 전 잠적' 北외교관 조성길, 한국 입국설…하태경 ""작년 7월 정착""",주이탈리아 북한대사관에서 근무하던 중 임기 만료를 얼마 남겨두지 않은 재작년 11월 10일 부인과 함께 갑자기 종적을 감췄던 조성길 전 이탈리아 북한 대사대리가 한국에 입국한 것으로 6일 알려졌다.
9999995,"서울 강서구, 행안부 주관 재정분석 ‘최우수 자치단체’ 선정",서울 강서구 지방자치단체 재정분석에서 ‘최우수 자치단체’로 선정됐다고 21일 밝혔다.
9999995,코로나 여파에 유통업 휘청…온라인·홈쇼핑만 반등 전망,4분기 소매·유통업계 경기전망지수 영향권을 벗어나지 못할 것이라는 전망이 나왔다.
9999995,"野, 추미애 감찰 지시에 ""윤석열 겁박…경험 못한 나라""","배준영 국민의힘 대변인은 이날 오후 구두논평을 통해 ""한 번도 경험해보지 못한 나라를 오늘 또 실감한다""며 이같이 전했다."
9999995,,미국 대선의 핵심 경합주로 부상한 플로리다 주에서 트럼프와 바이든 두 후보가 치열한 유세대결을 펼쳤습니다.
9999995,트럼프 확진에 미 증시 1%대 소폭 하락출발,도널드 트럼프 미국 대통령의 코로나 바이러스 확진으로 미국 뉴욕증시도 장 초반 1%대 하락세를 보이고 있다.
9999995,‘전세 제비뽑기’까지…역대급 전세난,상대적으로 숨고르기를 하고 있는 부동산 매매시장과 달리 전셋값 불안이 최근 이어지고 있습니다.
9999995,"현대차, 중고차 시장 진출 선언…업계는 강력 반발 태세","중고차 거래할 때,  허위 매물이나  가짜 이력 등으로  피해를 보는 경우 종종 있지요."
9999995,클로징,검은색 도시락 가방 안에는 따끈한 엄마표 아침밥이 들어있습니다.
9999995,"피격 공무원 유족, 연평도 해상서 눈물의 위령제",북한군의 총격으로 사망한 해양수산부 공무원 이모씨의 친형 이래진씨가 21일 강경화 외교부 장관을 만났다.
9999995,"""네 식구 살기는 좁아요""…'전용84' 임대주택 나온다",살다 보면 아이가 생기고 살림살이가 늘어서 어쩔 수 없이 큰 집으로 이사를 해야 합니다.
9999995,"이낙연, 日 스가 측근 가와무라 만나 ""지혜 짜내자…공물은 유감""","이 대표는 이날 오후 국회에서 가와무라 간사장과 40분 가량 면담을 마친 뒤 취재진과 만나 ""한일 현안에 대해 당국 간 적극적으로 협의하자, 서로 지혜를 짜내자는 데에는 의견이 일치했다""고 밝혔다."
9999995,코로나 역풍 맞은 공기청정기…다시 찾아온 미세먼지에 판매 기지개,지난해 역대급 미세먼지 속에 가정 필수품으로 떠오른 공기청정기가 올해는 미세먼지 없는 맑은 날이 많아지면서 판매가 주춤했는데요.
9999995,"롯데마트, 농식품부ㆍaT와 손잡고 전통주 유통판로 개척 나서",농림축산식품부는 전통주의 다양성과 우수성을 알리고 전통주 제조업체 판로지원을 위해 롯데마트 수도권 주요 12개 점포에서 국내산 농산물로 만든 우수한 품질의 전통주를 신규 입점하여 소비자에게 선보인다.
9999995,"여야 정치권 애도 속 온도차…청와대, 조화 보내","여야 정치권은 이건희 삼성그룹 회장의 별세에 일제히 애도를 표했지만, 그 성과를 평가하는 데는 온도차를 보였습니다."
9999995,외국인 노동자 없어 조업 포기…임금 2배 ‘빼가기 경쟁’까지,코로나19 영향으로 외국인 노동자의 입국 길이 막히면서 어민들이 일손을 찾지 못해 조업을 포기하고 있습니다.
9999995,경기부양책 합의 가능성에 뉴욕증시 상승 출발,추가 경기부양책에 대한 기대감으로 미국 뉴욕 증시의 3대 지수가 일제히 상승 출발했다.
9999995,코로나19로 폐업한 소상공인에게 ‘재도전 장려금’ 지급,코로나19로 폐업한 소상공인들을 위해 '폐업 점포 재도전 장려금'이 지급됩니다.
9999995,"""勞로 기운 노사관계 바로잡아야… 기업도 '대항권' 필요"" ","재계는 정부와 여당이 추진해온 노동법 개정안의 주요 내용인 해고자의 노조 가입 허용, 파업 중 대체근로 금지 등 노조 편향적 정책이 선진국 기준에 역주행한다고 목소리를 높여왔다."
9999995,"국방부, 주한미군 7명에 자유수호메달",국방부는 29일 경기도 평택시 캠프 험프리스 주한미군기지에서 열린 6·25전쟁 70주년 ‘한·미동맹 기억 및 감사 행사’에서 6·25참전용사 후손인 주한미군 장교와 군무원 7명에게 한국 정부가 수여하는 자유수호메달을 전달했다고 밝혔다.
9999995,"과기정통부, 민간 주도 '연구개발 투자혁신 기획단' 출범",과학기술정통신부 과학기술혁신본부는 정부 연구개발 예산 투자 시스템 및 투자 전략의 문제점을 도출하고 개선 방향을 제언하기 위해 과기분야 민간 전문가로 구성된 '연구개발 투자혁신 기획단'이 출범했다고 29일 밝혔다.
9999995,"정의당 새 대표에 원외 김종철 당선 ""거대 양당 긴장하라""",정의당은 지난 5일부터 닷새간 온라인 결선 투표를 진행한 결과 김종철 후보가 배진교 후보를 제치고 당 대표에 당선됐다고 9일 발표했다.
9999995,"동작구, 2020년 행안부 지자체 재정분석 ‘우수기관’",서울 동작구는 행정안전부 주관 ‘2020년 지방자치단체 재정분석 종합평가’에서 우수기관으로 선정됐다고 21일 밝혔다.
9999995," 인천공항, 세계 공항 최초로 자율주행 카트로봇 시범 도입",인천국제공항공사 직원이 제2여객터미널 출국장에서 자율주행 카트로봇에 짐을 싣고 있다.
9999995,한샘·일러스트레이터와 손잡은 삼성 ‘비스포크’ ,"삼성전자가 종합 홈인테리어 기업인 한샘, 프랑스 출신 유명 일러스트레이터 티보 에렘과 협업해 맞춤형 냉장고 ‘비스포크’에 새로운 디자인을 도입했다고 6일 밝혔다."
9999995,"중국 ""우리 백신 비쌀 거다? 합리적 가격에 판매할 것""","1일 차이나데일리에 따르면 왕원빈 중국 외교부 대변인은 이날 뉴스 브리핑에서 ""다른 나라에서 개발중인 백신의 가격이 얼마인지는 아직 알 수 없다""면서도 ""하지만 중국이 개발하는 백신은 합리적인 가격에 세계에 판매할 것임은 확실히 말할 수 있다""고 설명했다."
9999995,막을 수 없는 '추캉스' 인파...대책은 방역뿐,"연휴 사흘째, 전국 관광지엔 이른바 '추캉스' 인파가 몰렸습니다. 가을 단풍철까지 겹쳤는데, 오는 관광객을 막을 수 없는 각 지자체는 각종 행사를 취소하고 방역에 집중하고 있습니다."
9999995,"사르코지 전 프랑스 대통령, '리비아 검은돈' 공모 혐의 기소",프랑스 경제범죄전담검찰 사르코지 전 대통령이 리비아의 범죄 행위에 가담한 혐의가 인정됐다며 이같이 밝혔다고 AFP통신이 전했다.
9999995,"文대통령, 전화외교로 '유명희 지원' 총력…""WTO 적임자""",문재인 대통령이 세계무역기구 사무총장 선거에 출마한 유명희 산업통상자원부 통상교섭본부장을 지원하기 위해 연일 수화기를 들고 해외 정상들을 설득하고 있다.
9999995,"“8대 할인쿠폰 혜택, 영세 소상공인에게 돌아가야”",국회 기획재정위원회 소속 더불어민주당 김두관 의원은 22일 국회에서 열린 기획재정부 국정감사에서 정부가 추진 중인 ‘8대 분야 할인쿠폰’의 숙박 분야 사업 구조를 지적하며 기재부의 책임감 있는 정책 추진을 촉구했다고 밝혔다.
9999995,"플레이위드, 스팀 PC카페 공개 시범 서비스 돌입",플레이위드는 20일 오후부터 밸브의 ‘스팀 PC카페’ 공개 시범 서비스를 수도권 내 PC방 일부를 대상으로 시작한다.
9999995,추미애·김병기 아들 군복무 특혜 공방…국감 종반까지 '시끌',"전주혜 국민의힘 의원은 이날 국방부, 군사법원 등에 대한 국회 법제사법위원회의 국정감사에서 추 장관 아들, 김 의원 아들의 군 복무 특혜 의혹을 집중적으로 파고들었다."
9999995,"환노위, 택배사 대표 증인 채택 불발…쿠팡 자회사 임원 추가 채택",국회 환노위는 19일 환경부 산하 기관에 대한 국정감사를 진행하던 중 전체회의를 열고 쿠팡 물류센터 자회사인 풀필먼트 소속 엄모 전무에 대한 종합감사 증인 추가 채택을 의결했다.
9999995,"하태경 ""이제 와서 시신 소각 확신 못 해?…국방장관 경질해야""","국회 국방위원인 하 의원은 이날 페이스북 글에서 ""국방부가 시신 소각에 대한 입장을 바꿨다. 시신을 소각했는지 확신할 수 없다는 것""이라며 이같이 주장했다."
9999995,"文 ""유명희, WTO 사무총장 최적임자""...브라질 대통령 ""능력 인정""","문 대통령은 이날 오후 9시부터 20분간의 정상통화에서 “브라질이 직전 WTO 사무총장 배출국으로, WTO 발전에 많은 기여를 해온 것을 잘 알고 있다”면서 이같이 말했다고 강민석 청와대 대변인인 전했다."
9999995,"홍남기 ""공공임대주택 공급으로 전세난 해소…단기대책도 모색""",홍 부총리는 이날 국회 기획재정위원회 국정감사에서 '전세난 해소를 위해서는 공급의 물꼬를 터줘야 한다'는 추경호 국민의힘 의원의 지적에 이같이 밝혔다.
9999995,"윤건영 “광화문 차벽은 코로나 막은 것…주호영 억지 그만 써야""",윤건영 더불어민주당 의원이 정부의 개천절 서울 도심 집회 금지를 비판한 국민의힘 주호영 원내대표를 향해 “그럼 개천절 집회를 허용했어야 한다는 얘기냐”며 “코로나19로 고통받는 국민은 보이지 않고 개천절 집회를 주장하는 그분들만 보이냐”고 비판했다.
9999995,"블룸버그 ""EU, WTO 사무총장 2차 경선서 韓 지지 가능성""",2일 블룸버그통신은 익명의 복수의 관리들을 인용해 EU 회원국 대표들이 WTO 사무총장 경선에서 한국의 유명희 산업통상자원부 통상교섭본부장과 나이지리아의 응고지 오콘조 이웰라 전 나이지리아 재무장관을 지원하는 방안을 승인할 계획이라고 보도했다.
9999995,"“남동발전 누적 적자 1,210억 원 달해”","경남 혁신도시에 본사를 둔 남동발전이 설립 이후 1,200억 원대의 적자를 본 것으로 나타났습니다."
9999995, '죽음의 승강기' 올해만 또 3명 사망…계속되는 잔혹사,국정감사에서 감사 대상은 주로 의원들의 거센 질타에 뭔가를 시정하겠다고 약속합니다.
9999995,"허인 국민은행장, 사실상 재연임 확정",허인 KB국민은행장이 사실상 재연임을 확정했다.
9999995,"""야!"" ""어린 XX가"" 반말·욕설로 얼룩진 막판 국감…의사봉은 내동댕이",어제 과방위 국감에서는 올해 국감 중 가장 볼썽사나운 장면이 펼쳐졌습니다.
9999995,"트럼프 확진소식에 놀란 靑, 한반도평화프로세스 영향 촉각",청와대가 도널드 트럼프 미국 대통령의 코로나19 확진 소식에 촉각을 세우고 있다.
9999995,"홍익표 ""조세지출 전망, 매년 1.2~4조 틀려""…홍남기 ""반성""",홍익표 더불어민주당 의원이 8일 최근 6년간 조세지출예산서의 전망치와 실제 실적과 격차가 1조1689억원~4조1480억원에 이른다고 밝혔다.
9999995,"블랙핑크·방탄소년단, 빌보드 차트 나란히 1·2위 석권","걸그룹 블랙핑크와 방탄소년단이 빌보드 '아티스트 100' 차트에서 나란히 1, 2위에 올랐습니다. 가수의 영향력과 인지도를 보여주는 지표로  K팝이 주류 장르로 자리 잡았다는 평가입니다."
9999995,"""경제자유구역에 10년간 60조원 투자·4천개 기업 추가유치""",산업통상자원부는 이런 내용을 담은 '경제자유구역 2.0 2030 비전과 전략'을 15일 열린 국정현안점검조정회의에서 보고했다.
9999995,포천 군부대 코로나19 집단감염 발생 '비상'…감염경로 불분명,4일 포천시와 국방부에 따르면 이날 오후 8시 기준 포천 내촌면에 있는 육군 부대 관련 확진자는 총 12명이다.
9999995,"""세금도 안걷히는데""…'벌금·과태료' 못걷은 국세외수입 9.7조원",국회 기획재정위원회 박홍근 의원실이 기획재정부로부터 제출받은 국세외수입 자료에 따르면 2019년 현재 국세외수입 미수납액은 9조6582억원인 것으로 조사됐다.
9999995,‘코나아이’ 주식 거래 재개…‘탐나는전’ 발행 초읽기,제주형 지역화폐 '탐나는전'의 운영 대행 우선협상자인 코나아이의 주식 거래가 재개되면서 제주도가 다음 달 말 '탐나는전'의 발행을 계획하고 있습니다.
9999995,"‘채용 비리’ 은행 간부들, 자회사 임원으로 옮겨 ‘고액 연봉’",주요 은행의 부정 채용 사건과 관련해 억울하게 탈락한 지원자들의 모습과 유명무실한 재발방지책을 어제 전해드렸는데요.
9999995,사찰 창고 불…불상 등 천 7백만 원 피해,오늘 오후 2시쯤 부산 금정구의 한 사찰 창고에서 불이 나 인근 요양병원 환자 60여 명이 대피하는 소동이 벌어졌습니다.
9999995,"여야 ""트럼프 부부 코로나19 확진 위로"" 한 목소리",여야는 2일 신종 코로나바이러스 감염증 양성 판정을 받은 미국 도널드 트럼프 대통령 부부의 쾌유를 한 목소리로 기원했다.
9999995,"한국제지 밀크, ‘국산 복사지’ 강조하는 한정판 레트로 패키지 출시",이번에 선보인 한국제지 밀크의 레트로 패키지는 밀크 메인 평량인 80g 품목만 한정 수량으로 판매할 계획이다.
9999995,"서울에프엔비, 면역력 강화‘남자의 아침, 여자의 아침 홍삼스틱’출시","식문화 웰빙기업 서울에프엔비는 물을 첨가하지 않은 홍삼 건강기능식품 ‘면역보감 남자의 아침, 여자의 아침’을 출시했다."
9999995,"문 대통령 ""이건희 별세 깊이 애도…우리 기업에 귀감과 용기""","문재인 대통령이 고 이건희 회장 유족에게 ""한국 재계의 상징인 고 이건희 회장의 별세를 깊이 애도하며, 유가족분들께 심심한 위로의 말씀을 전한다""고 전했습니다."
9999995,野 “권총 찬 靑 경호원 들어와” 공격에… 靑 “관례 따른 것” 반박,야당이 문재인 대통령의 국회 시정연설 당시 경호가 과도했다며 연일 비판을 이어가고 있다.
9999995,집값 상승세 멈췄다더니…비강남권 30평도 이젠 `20억 시대`,6일 국토교통부 실거래가 공개시스템에 따르면 서울 동작구 흑석동 아크로리버하임 전용 84㎡가 9월 7일 20억원에 거래됐다.
9999995,"""영끌에 빚투까지""…카드업계, 마통같은 '마이너스 카드' 출시",3일 카드업계에 따르면 롯데카드는 지난달 25일 마이너스카드를 출시했다.
9999995,전북 신규 환자 3명...거동 불편 70대 모시던 父子 등,전북에서 코로나19 신규 환자가 3명 늘어 도내 누적 확진자가 132명이 됐습니다.
9999995,與 “법 바꿔서라도 공수처 설치” vs 野 “특검받으면 협조”,공수처 설치. 라임 옵티머스 사태. 사사건건 여야 힘겨루기가 팽팽합니다.
9999995,"국토위, 최춘식의원 공공아파트 입주자격 설전",집값 상승 책임론 등으로 관심이 집중됐던 국회 국토교통위원회에서는 야당 의원의 공공아파트 입주자격이라는 색다른 주제가 등장해 여야간 설전이 이어졌다.
9999995," 주호영, 안철수에 ""기호 2번 받아야""…이유는?",비하인드 플러스 시간입니다.
9999995,한미동맹 구호 “같이 갑시다”...중국대사 앞에서 외친 與 김병주,한미연합사령부 부사령관 출신인 더불어민주당 김병주 의원이 지난 8월 주한 중국 대사관 만찬에서 한·미 동맹을 상징하는 구호인 ‘같이 갑시다’라는 건배사를 한 것으로 27일 알려졌다.
9999995,"KIMST, 항공라이다 신규과제 현장 컨설팅 실시",해양수산과학기술진흥원은 해양수산 R＆D ‘안전한 항만 구축 및 관리기술개발사업’의 올해 신규과제인 항공라이다
9999995,"엔카닷컴, '네이버 마이카'와 손잡고 시세 데이터 제공",엔카닷컴이 네이버의 차량관리 통합서비스 '네이버 MY CAR'와 제휴하고 내 차 팔기 중고차 시세 정보를 제공한다.
9999995,"“LX 전 감사, 직원 성과급 수억원 반납받아 이상직 의원 후원”",한국국토정보공사 의원의 지역구에 집중적으로 기부한 사실이 드러났는데도 아무런 처벌을 받지 않았다는 주장이 제기됐다.
9999995,의약품·의료기기 부작용 증가세...3년간 86만건,국회 보건복지위원회 더불어민주단 인재근 의원이 식품의약품안전처 자료를 분석한 결과 최근 3년간 의약품 및 의료기기 이상사례 보고건수는 85만9117건에 이르렀다.
9999995,"NYT ""삼성을 글로벌 거인으로 키운 큰 사상가""",AP통신과 블룸버그통신·로이터통신·AFP통신·교도통신 등은 이 회장의 별세 소식을 속보로 전했다.
9999995,"KT, 중소기업 교육훈련 9만명 돌파 ",KT가 고용노동부와 한국산업인력공단이 주관하는 ‘국가인적자원개발컨소시엄’ 교육사업에서 수료생 누적 9만명을 돌파했다고 4일 밝혔다.
9999995,"대전 분양시장, 잇단 규제 속 완판 행진…재건축은 ‘차질’",잇단 부동산 규제 속에  대전지역 아파트 분양이  완판 행진을 이어가고 있습니다.
9999995,"롯데건설, 대구·서울서 재개발·리모델링 잇단 수주","롯데건설은 올해 울산 중구 B-05구역 재개발 리모델링까지 수주하며 총 2조 4,415억 원의 수주액을 돌파했다."
9999995,34만 명 응시…역대 최대 ‘공인중개사 시험’ 몰린 이유,"부동산 시장, 아무리 예측이 어려워도 지금처럼 어려운 적이 있었을까."
9999995,장애인 의무고용 “단 1%도 관심없는 과기부 기관들”,"한국생산기술연구원과 한국과학기술연구원, 한국원자력의학원, 한국항공우주연구원 등 과학기술정보통신부 소관 기관들이 지난해 장애인 의무고용을 제대로 지키지 않아 76억 원에 달하는 고용부담금을 납부한 것으로 드러났다."
9999995,최태원 '파이낸셜 스토리' 新경영 화두 제시,"최 회장은 ""각 관계사가 만든 파이낸셜 스토리에 시장의 신뢰와 사회의 공감이 더해질 때에만 기대 수준을 뛰어넘는 기업가치를 만들어 낼 수 있다""고 밝혔다."
9999995,백화점 속 미술관 ‘판교 아트 뮤지엄’ ,경기 성남시 현대백화점 판교점을 찾은 방문객들이 11일 건물 1층 ‘열린 광장’에서 백화점 전체를 예술작품으로 꾸민 ‘판교 아트 뮤지엄’ 행사에 전시된 작품들을 감상하고 있다.
9999995,트럼프 확진에… 방한 앞둔 폼페이오 “일정 재검토”,도널드 트럼프 미국 대통령의 신종 코로나바이러스 감염증 확진 사태 ‘후폭풍’이 거세다.
9999995,‘4번의 감사’에도 드러나지 않은 수협 직원의 7년 횡령,"지난 3월, 경주 수협의 예금 업무를 담당하던 한 직원이 7년간 총 153건에 걸쳐 35억 원이 넘는 금융사고를 일으켰고, 수협에서 동일기간 4번의 감사를 진행했음에도 아무도 이 사실을 인지하지 못했던 것으로 알려져 큰 충격을 주고 있다."
9999995,"합참 ""우리 선박 서해 NLL 넘었다가 복귀…항로 착오""",합동참모본부와 해양경찰에 따르면 이날 오후 1시께 인천시 옹진군 연평도 인근 우도에서 북서쪽으로 약 11.4㎞ 떨어진 곳에서 우리측 4.59t 운반선 한 척이 NLL을 넘어 북측 해역으로 들어갔다.
9999995,"벨기에 에일 맥주 그림버겐, 월드 비어 어워드 2020 수상",K-주류 문화를 선도하고 있는 ㈜골든블루는 900년 역사의 벨기에 수도원 에일 맥주 '그림버겐'이 월드 비어 어워드 2020에 참가하여 높은 품질과 우수한 맛을 인정받아 수상을 했다고 밝혔다.
9999995,"문 대통령, 독일 메르켈 총리와 통화 ""WTO 총장 선거 지지 요청""","문재인 대통령이 앙겔라 메르켈 독일 총리와 전화 통화를 하고 세계무역기구, WTO 사무총장 선거에 출마한 유명희 산업통상자원부 통상교섭본부장을 지지해 달라고 요청했습니다."
9999995,"전동 킥보드 사고, 피해자 자동차보험으로 보상 받는다",앞으로 전동 킥보드 사고로 다쳤을 때 본인이나 가족이 가입한 자동차 보험으로 명확히 보상받을 수 있게 됩니다.
9999995,"로또 1등 '1, 3, 30, 33, 36, 39'...4명 당첨 57억씩",6개 번호를 모두 맞춘 1등 당첨자는 4명이다.
9999995,"추미애 ""여야 정치인 차별 수사 합동 감찰하라""",추미애 법무부 장관이 22일 라임 자산운용 사건과 관련해 검찰의 비위 제보 은폐 및 야당 정치인에 대한 편향 수사 논란에 대한 감찰을 지시했다. 라임 사태의 핵심 인물인 김봉현 전 스타모빌리티 회장이 언론에 보낸 서한을 통해 제기한 문제들에 대해 법무부와 대검 감찰부가 합동으로 감찰하라는 것이다.
9999995,"화이자 ""코로나19 백신 11월말 긴급사용 신청 계획""",화이자는 안전성 검증이 끝나는 다음 달 셋째 주에 미 식품의약국에 긴급사용 승인 신청을 할 전망이다.
9999995,전세대출도 원리금 분할상환 가능해진다,주택담보대출처럼 이자와 원금을 함께 갚아나가는 부분분할상환 전세대출 상품이 나온다.
9999995,“개천절 집회 허용 판사를 탄핵하라”…靑 국민청원글 올라와,일부 보수단체들의 개천절 집회를 하루 앞둔 2일 청와대 국민청원 게시판에 ‘드라이브 스루’ 집회를 조건부로 허용한 판사를 탄핵하자는 청원글이 올라왔다.
9999995,‘특전부자·특전부부’ 가을 하늘을 날다,"특전부대 소속 아버지와 아들, 신혼부부가 강하 훈련에 함께 참가했다."
9999995,부산 다대포해수욕장서 중학생 1명 사망·1명 실종...2명 구조,중학생들이 폐장한 해수욕장에 들어갔다가 1명이 숨지고 1명이 실종됐습니다.
9999995,“트럼프·바이든 누가 되든 자국우선주의 불변”,미국 조 바이든 민주당 대선 후보의 통상공약은 도널드 트럼프 대통령과 크게 차별화되지 않지만 당선될 경우 환경과 노동 분야가 새로운 통상 이슈로 부각될 수 있다는 분석이 나왔다.
9999995,"IMF ""올해 한국 성장률 전망 -1.9%""",국제통화기금 IMF가 올해 우리나라 경제성장률을 -1.9%로 전망했습니다.
9999995,"6조 원 대 광주시 금고, 광주은행으로 결정",광주은행이 한 해 6조 원에 가까운 광주시의 예산을 운영하는 시금고에 선정됐습니다.
9999995,“2025년부터 채무비율 60% 이내 관리”…재정준칙 논란,"정부가 2025년부터 국내총생산 대비 국가채무비율은 60%, 통합재정수지는 -3%가 넘지 않도록 관리하는 재정준칙을 발표했다."
9999995,고속도로 정체 대부분 해소… 서울→부산 4시간 30분,추석 고속도로 정체가 대부분 해소됐다.
9999995,"천연기념물 정이품송 후계목, 수목장 조성 활용 주목",600여 년을 버텨온 천연기념물인 속리산 정이품송의 대를 이을 후계목 육성이 한창인데요.
9999995,"심상정 ""삼성 유령 언론사 만들었나...수사해야""",심상정 정의당 대표는 삼성전자 임원이 출입기자로 등록해 국회에 출입한 것과 관련해 1급 국가보안시설인 국회가 삼성에 의해 유린된 것에 참담하다고 밝혔습니다.
9999995,② 지역균형 뉴딜 선회…공공기관 시즌2 언제?,"대전, 충남이 혁신도시로 지정되면서 무엇보다 가장 큰 관심사는  '2차 공공기관 이전' 문제일텐데요."
9999995,"박영선, 현대차의 중고차 매매업 진출 둘러싼 갈등 관련 ""정의선 회장 상생에 관심 많다""",박영선 중소벤처기업부 장관은 15일 현대자동차의 중고차 매매업 진출을 둘러싼 갈등을 풀기 위해 현대자동차그룹 정의선 신임 회장을 만날 뜻을 피력했다.
9999995,"금감원, '라임 판매' 신한·대신·KB증권 제재심 결론 연기","금융감독원 제재심의위원회가 신한금융투자, 대신증권, KB증권 등 라임 펀드 판매 증권사에 대한 징계 조치를 결정하지 못했다."
9999995," 文 ""나도 마음이 아프다""...군·해경, 조명탄도 없이 야간 수색",북한군 총격에 피살된 해양수산부 공무원의 아들이 문재인 대통령에게 쓴 편지가 공개됐습니다.
9999995,"검찰, 이용호 의원 선거법 위반 기소",전주지검 남원지청은 무소속 이용호 의원을 선거법 위반 혐의로 불구속 기소했습니다.
9999995,"전라북도 내년 생활임금 10,251원…201원 인상",전라북도는 도청과 출자‧출연기관 기간제 노동자 등에게 적용할 내년 생활임금을 올해보다 201원 오른 시간당 만 251원으로 결정했습니다.
9999995," ""대학원생도 산재보장 받아야""…전혜숙, `학생연구원 산재보장법` 발의",대학의 연구활동에 종사하는 학생연구원들도 산재보장을 받도록 하는 법안이 발의됐다.
9999995,"美증시 선물 일제 하락, 나스닥은 2.2% 급락",이날 오전 8시57분 현재 다우지수 선물은 433포인트 하락한 2만7265.00을 나타내고 있다.
9999995,"부동산 정책 성공이냐…김현미 ""아직은 아쉬운 점 있다""","김 장관은 이날 정부세종청사에서 열린 국토부 국정감사에서 ""문재인 정부의 부동산 정책을 설계하고 추진한 장관인데 부동산 정책이 성공이라고 평가하느냐 실패라고 평가하느냐""는 국민의힘 이종배 의원 질문에 이 같이 답했다."
9999995,"서훈 국가안보실장, 방미 일정 마치고 귀국 ",서훈 청와대 국가안보실장이 4박 5일간의 방미를 마치고 17일 오후 5시경 인천국제공항을 통해 귀국 했다.
9999995,항공기내 불법행위 81%가 흡연…폭언 등 소란도 다수,항공기 내에서 발생한 불법행위 10건 중 8건이 흡연인 것으로 나타났다.
9999995,'성별균형 포용성장 파트너십' 자율협약식,공감언론 뉴시스가 독자 여러분의 소중한 제보를 기다립니다.
9999995,"추미애 ""불편한 진실은 직시할 때까지 이어져야""","추 장관은 31일 사회관계망서비스에 ""불편한 진실은 계속 이어져야 합니다. 외면하지 않고 직시할 때까지 말입니다. 저도 이 정도인지 몰랐습니다""라는 글과 함께 경향신문 강진구 기자의 글을 공유했다."
9999995,김화군 수해복구 현지지도하는 김정은 국무위원장,공감언론 뉴시스가 독자 여러분의 소중한 제보를 기다립니다.
9999995,"'임원 국회 기자 등록' 물의...삼성전자 ""진심으로 사과드린다""",삼성전자 임원이 국회 출입기자로 등록해 의원회관을 수시로 드나든 것과 관련해 삼성전자가 사과문을 발표했습니다.
9999995,"이도훈 방미 후 귀국…""창의적 아이디어 계속 협의""","방미 일정을 마치고 귀국한 이도훈 외교부 한반도평화교섭본부장이 미국과 ""다양한 계기와 수단을 통해 한반도 문제에 대해 협의를 할 것""이라고 밝혔습니다."
9999995,고성 통일전망대 ‘운영난’…고용 불안 우려,동해안 대표적 안보관광지인 고성 통일전망대가 심각한 운영난을 겪고 있습니다.
9999995,"피살 공무원 아들 ""대통령님! 아빠 구하려 어떤 노력하셨나요?""",북한군에 피격돼 숨진 해양수산부 공무원 A씨가 쓴 친필 편지를 공개했다.
9999995,의협 “의사 국시 재응시 해결 없는 의정협의체 거부”,공공의대 설립과 의대 정원 확대 등을 두고 갈등을 빚었던 의료계와 정부가 이번에는 의대생들의 의사 국가고시 재응시 문제를 놓고 ‘2라운드’에 돌입했다.
9999995,"靑, NSC 상임위 개최…""서해 北총격 사망자 수색활동 점검""",청와대는 22일 노영민 대통령비서실장 주재로 국가안전보장회의 상임위원회 회의를 열고 서해 소연평도 해상 공무원 피격 사건 대응 상황 등을 논의했다.
9999995,"민주 이성만 ""감사원 윌성 보고서, 공무원 헌신 모독""","국회 산자위 소속인 이 의원은 국정감사에서 ""하드디스크를 가져가서 직원들이 동의하지 않은 범위인 자료를 복구해서 공표했다는 것은 명백하게 불법적 행동""이라며 이같이 밝혔다."
9999995,조경태 “국민의힘 비대위 끝내자…전당대회 열어야”,국민의힘 조경태 의원은 20일 김종인 비상대책위원장이 이끄는 비대위 체제를 끝내고 전당대회를 열 것을 제안했다.
9999995,“택배기사 적정 노동시간 입법화…표준 계약서·분류 작업 분리 추진”,더불어민주당이 택배노동자의 적정 노동시간을 입법화하는 방안을 검토하고 있다.
9999995,"김종인 ""이재명은 돌출적, 대통령 못돼""...정성호 ""금수저 눈엔 그리 보일 것""","김종인 국민의힘 비상대책위원장이 여권 유력 대선 주자인 이재명 경기도지사에 대해 ""저런 성격 갖고 대통령이 될 수 있겠냐고 염려하는 사람도 있다""고 말했다."
9999995,"장석영 과기2차관 ""벤츠·테슬라, 알뜰폰 사업자 제외 검토""","장 차관은 이날 국회 과학기술정보방송통신위원회의 과기정통부에 대한 국정감사에서 벤츠, 테슬라 등의 알뜰폰 사업자 등록 사례에 대한 국민의힘 박대출 의원의 질의에 ""해외 대기업에 혜택을 주는 것은 적절하지 않다고 본다""며 이같이 밝혔다."
9999995,"국민의힘, 공수처장 추천위원 내정…출범까진 안갯속",야당 국민의힘이 그동안에 입장을 바꿔서 누가 공수처장이 될지 정하는 위원회에 야당 몫 위원들을 보내기로 했습니다.
9999995,"‘여행앓이’ 관광비행, ‘하늘 위 호텔’도 떴다",최대 크기를 자랑하며 하늘 위 호텔로 불리는 A380 여객기가 여행에 목마른  승객들을 태우고 한반도 상공을  비행했습니다.
9999995,부산→서울 4시간30분…고속도로 정체 다소 풀려,이날 한국도로공사에 따르면 오후 10시 기준 오후 7시에 비해 각 지방 주요 도시에서 서울까지 걸리는 시간이 다소 줄어들었다.
9999995,최태원 회장 “신뢰받는 파이낸셜 스토리로 더 큰 도약을”,최태원 SK그룹 회장이 23일 관계사 최고경영자들에게 “이제는 매력적인 목표와 구체적 실행 계획이 담긴 ‘파이낸셜 스토리’가 시장의 신뢰를 얻어야 뛰어난 기업 가치를 만들 수 있다”고 말했다.
9999995,서울 아파트 두 채 중 한 채는 전셋값 4억 원 넘어,서울의 아파트 두 채 중 한 채는 전셋값이 4억 원을 넘는 것으로 나타났다.
9999995,종부세 20%는 강남서 나오고…강남3구·용산서 서울 전체의 70% 납부,한 해 동안 종합부동산세의 20% 이상이 서울 강남구에서 걷히는 것으로 집계됐다.
9999995,"금감원, ‘환매 중단’ 라임자산운용 등록 취소 결정",금융감독원이 1조6000억원대 환매 중단 사태를 일으킨 라임자산운용에 대해 ‘등록취소’를 결정했다.
9999995,KB 전세수급지수 19년여 만에 최고치…전세공급 부족 심화,전국적인 전세난 속에 전세 공급이 부족하다는 게 지표로 다시 한 번 확인됐습니다.
9999995,긴 연휴에 민원도 봇물…첫날 7천여 건 접수,닷새간의 추석 연휴가 이어지면서 행정기관에 접수되는 민원도 쏟아지고 있습니다.
9999995,‘재인산성’에 분노한 지식인들 “방역 독재의 광기” “이게 경찰 국가”,정부가 개천절인 3일 광화문 일대에 불심검문과 차벽을 통해 집회를 원천봉쇄한 것을 놓고 한미 지식인 사회에서 비난이 쇄도하고 있다.
9999995, 문 대통령 시정연설...함성과 야유가 동시에 있었던 이유는?,문재인 대통령이 오늘 556조 원 규모의 내년도 예산안을 설명하는 국회 시정연설을 했습니다.
9999995,여 “공수처 1호 수사대상” 역공…야 “특검 안되면 장외투쟁” 경고,반면 민주당은 이번 사건을 공수처 1호 사건으로 가져가야 한다고 주장했다.
9999995,편의점 취업 상습 절도 30대 징역 1년,편의점에 취업한 뒤 상습적으로 물건을 훔친 30대에게 징역형이 선고됐습니다.
9999995,'9대 이하 차량시위 허용'에 추가 집회 신고 잇따라,법원이 개천절에 소규모 차량 시위를 조건부로 허용한다는 판단을 내놓자 비슷한 방식의 집회 신고가 잇따르고 있습니다.
9999995,김화군 수해복구 현지지도하는 김정은 국무위원장,공감언론 뉴시스가 독자 여러분의 소중한 제보를 기다립니다.
9999995,'곰표·말표 맥주' 옛 상표 붙여 재탄생…'옛것이 새롭다',"요즘 편의점에 가면, 눈에 띄는 특이한 제품들이 있습니다."
9999995,"어업인 배제된 일방적 해상풍력 추진, 이제 그만!",어업인이 배제된 채 일방적으로 추진되고 있는 해상풍력의 문제점을 지적하고 어업피해를 최소화하기 위한 정책 마련을 촉구하는 어업인의 목소리가 높아지고 있다.
9999995,코로나19 확산기 '파리바게뜨' 소비자 관심 제빵사 '1위',국내 주요 5개 제빵업체 중 국민들의 가장 많은 관심을 받은 제빵업체는 '파리바게뜨' 인것으로 나타났다.
9999995,‘영끌’ ‘빚투’ 나선 2030세대… 마이너스통장 한도액 급증,올해 7개월간 2030 세대가 개설한 마이너스통장 한도액이 14조원을 넘긴 것으로 나타났다.
9999995,"""월세 줄여달라"" 요구 가능...코로나 위기법 내용은?",21대 국회 첫 정기국회를 시작하면서 여야는 코로나19 관련 법안을 우선 처리하기로 합의했습니다.
9999995, ‘金추’된 배추,서울의 한 대형마트 직원이 4일 채소 진열대에 손질된 배추를 옮기고 있다.
9999995,"북·중은 친선 과시, 한·미는 이상 징후… 위기의 ‘줄타기 외교’?","격화하는 미·중 갈등 속 우리 정부가 미국의 반중 캠페인 동참 요청에 난색을 보이는 가운데, 북·중 간 밀착은 날로 강해지는 모습이다."
9999995,제주 교통유발부담금 36억 원 첫 부과,제주 첫 교통유발부담금이 부과됐습니다.
9999995,"'박원순 성추행 의혹' 피해자, 이낙연 대표에 공개 질의...""대체 뭘 사과한다는 겁니까""",고 박원순 전 서울시장 성추행 의혹 사건의 피해자인 전직 시장 비서 A씨가 30일 이낙연 더불어민주당 대표의 '사과 발언'에 대해 공개 질의했다.
9999995,"'조국 똘마니전' 참전한 김근식 ""뒷끝작렬"" ""쫌스러워""","자신을 ‘조국 똘마니’라고 지칭했다고 진중권 전 동양대 교수를 명예훼손 혐의로 고소한 김용민 더불어민주당 의원에 대해 국민의힘 서울 송파병 당협위원장인 김근식 경남대 교수가 8일 ""똘마니 소리보다 쫌스럽다는 평가가 더 기분나쁘겠다""고 했다."
9999995,"김태년 ""청문회 보다는 남북 공동 조사 이뤄져야""",더불어민주당 김태년 원내대표는 서해상 피격 사건에 대한 국민의힘의 청문회 필요성 주장과 관련해 남북 공동 조사가 우선이라고 다시 한번 강조했습니다.
9999995,고액체납 고소득자 경남 증가세 ‘전국 3위’,국회 행정안전위 한병도 의원이 낸 국정감사 자료를 보면 경남에서 월 500만 원 이상을 벌면서 천만 원 이상의 세금을 체납한 사람은 지난해 기준 94명에 23억 원이었습니다.
9999995,"국민의힘, 공수처장 추천위원 임정혁·이헌 내정…민주당 ""늦었지만 다행""","국민의힘이 야당 몫으로 배정된 고위공직자범죄수사처 처장 후보 추천위원으로 임정혁, 이헌 변호사를 내정했습니다."
9999995,"이인영 ""조성길 유출 경위 조사""...北 '침묵' 계속",조성길 전 북한 대사대리의 귀순 문제는 국회 국정감사에서 연일 논란이 됐습니다.
9999995,김화군 수해복구 현지지도하는 김정은 국무위원장,공감언론 뉴시스가 독자 여러분의 소중한 제보를 기다립니다.
9999995,상온노출 의심 독감백신 접종자 2290명…380명 증가,질병관리청은 상온노출 의심 독감백신 접종자가 2290명이라고 2일 밝혔다.
9999995,"文대통령 ""유명희 지지해달라""…메르켈 총리 ""전문성 갖춘 적임자""",문재인 대통령이 1일 앙겔라 메르켈 독일 총리에게 세계무역기구 사무총장 선거에 출마한 유명희 통상교섭본부장을 지지해달라고 요청했다.
9999995,소멸 신용카드 포인트 연간 1000억원 넘어.. 최근 5년간 증가세,"2일 국회 정무위원회 위원장인 더불어민주당 윤관석 의원이 금융감독원으로 부터 제출 받은 '최근 5년 간 시중 8개 전업카드사 포인트 현황'에 따르면 지난해 말 기준 카드사 발생 포인트는 3조2039억3900만원이고, 사용 포인트는 2조9926억300만원이다."
9999995,9월 생산·소비·투자 ‘트리플 증가’,"국내의 신종 코로나바이러스 감염증 재확산세가 수그러들고 수출이 개선되면서 지난달 생산과 소비, 투자가 3개월 만에 ‘트리플 증가’를 기록했다."
9999995,"정부가 일부 손실 보전한다는 '뉴딜펀드'…""세금 낭비""",박영우 기자입니다.
9999995,"병무청장 ""유승준 아닌 스티브유, 입국 금지돼야""…유 ""인권침해""",오늘 국정감사에서는 가수 유승준씨를 유승준이 아니라 스티브유로 불러야 한다는 병무청장의 발언이 화제였습니다.
9999995,포스트 코로나 시대 업종별 협회·단체의 역할은?,한국 협회의 날은 지난해 8월 선포식을 갖고 시작돼 올해가 2회째다.
9999995,"與 서울·부산시장 '공천' 결론…진중권 ""박정희 수법 벤치마킹""",이날 민주당은 국회에서 비공개 최고위원회의를 열고 전 당원 투표를 거쳐 당헌 개정을 최종적으로 결정하기로 했다.
9999995,"최장집 ""與, 당내 민주주의 없어…위에서 결정하면 거수기""","최 교수는 이날 정치문화플랫폼 '하우스에서 '위기의 한국민주주의'라는 주제로 열린 특강을 통해 ""한국 정당에서 당내 민주주의가 가능한지 질문을 던져본다""며 이같이 말했다."
9999995,"""기관보다 개미가 나아"" 쪼그라든 주식형 펀드",이른바 개미로 불리는 개인투자자들이 주식시장에서 뜨거운 투자열기를 보이고 있죠.
9999995,,운신이 불편한 사람들에게는 희소식이다.
9999995,"CJ대한통운 미국 통합법인, 콜드체인물류로 역량 인정받아",CJ대한통운은 미국 통합법인 'CJ 로지스틱스 아메리카'가 미국 식품 물류전문지 '푸드 로지스틱스'에서 발표한 '2020 TOP 3자 물류 & 콜드스토리지 공급업체'에 이름을 올렸다고 13일 밝혔다.
9999995,"조성길, 北에 송환된 딸 우려... 한국 도착 비밀 요구한 듯",조성길 전 주이탈리아 북한 대사대리가 지난해 7월 귀국한 사실이 지난 1년 3개월간 철저히 비공개되다가 6일 언론 보도로 알려져 그 배경에 관심이 쏠리고 있다.
9999995,CJ대한통운 택배 종사자 또 사망…대국민 사과,CJ대한통운에서 일하던 30대 택배 종사자가 이틀 전 또 숨졌습니다.
9999995,"정경심씨, 1년 6개월 전 MBC 기자 페이스북에 형사고소",조국 전 법무부장관의 부인 정경심씨가 이아무개 MBC 기자를 모욕 및 허위사실적시 명예훼손으로 고소했다.
9999995,"""아들 골프 동행하면 승진?""…이상직, 중진공 이사장 시절 비리 의혹 불거져","17일 조 의원이 공개한 자료에 따르면 이 의원은 중진공 이사장으로 재직 중 비공식 일정에 적극적으로 협조하는 직원은 초고속 승진을 부여했고 그렇지 않은 직원에게는 성과 평가를 조작해 직위해제, 지방발령까지 가한 것으로 알려졌다."
9999995,"""금감원 직원, 유흥업소서 라임 검사정보 건네""…감봉 징계","권 의원은 23일 국회 정무위원회의 금융위원회·금융감독원 대상 종합 국정감사에서 ""문서를 유출해준 직원이 단순히 업무 차원의 협조가 아니다""라며 A씨가 김 전 행정관과 함께 김 전 회장으로부터 유흥업소에서 접대를 받았다는 의혹을 제기했다."
9999995,"“하나님의 통치가 임하는 나라”…국민의힘, 중앙청년위 주성은 대변인 내정자 등 면직 처분","국민의힘 비상대책위는 2일 긴급 화상회의를 열고 주성은 중앙청년위 대변인의 내정을 취소하고 이재빈, 김금비 부위원장에 대해서는 면직 처분을 내렸다."
9999995,日 외무성 국장 내일 방한…강제징용 배상·수출 규제 등 논의,일본 NHK는 27일 다키자키 시게키 일본 외무성 아시아대양주 국장이 28일부터 사흘 일정으로 방한한다고 보도했다.
9999995,코로나19인데 출퇴근 ‘만원 버스’ 더 심각해진 이유는?,버스같은 대중교통 이용할 때 코로나19 걱정 안 할 수가 없죠.
9999995,"김정숙 여사, 간디 탄생 150주년 기념 웨비나 영상 축사",김정숙 여사는 한국시간으로 오늘 오후 1시 30분부터 열린 '간디 탄생 150주년 기념 웨비나'에서 영상을 통해 축사했습니다.
9999995,‘라임·옵티머스 사태’ 충북 정치권에도 파장,수조 원 대 환매형 펀드 판매 사기 의혹 사건인 라임과 옵티머스 사태로 정치권이 연일 공방을 벌이고 있는데요.
9999995,소상공인 새희망자금 현장접수 시작,소상공인을 위한 정부의 코로나19 피해지원금인 새희망자금 현장 접수가 오늘부터 대구경북 4백여 개 주민센터 등에서 시작됐습니다.
9999995,"""신규 환자 두자릿수로 꺾이기는 했지만...""",세자릿수가 됐던 코로나19 신규 환자가 하루 만에 다시 두자릿수가 됐습니다.
9999995,백악관 대법관 지명식서 코로나 슈퍼전파?…감염자 7명으로 늘어,도널드 트럼프 대통령 내외에 이어 최측근으로 불리던 켈리앤 콘웨이 백악관 전 선임고문까지 참석자 중 코로나19 확진자가 7명으로 늘어나면서 이날 행사가 '코로나19 슈퍼 전파' 행사였을 것이라는 추정이 나오고 있다.
9999995, 美 신규 실업자 84만명…전주 대비 9천명↓,"미 노동부는 8일 신규 실업수당 청구가 84만건으로, 전주 대비 9000건 줄었다고 밝혔다."
9999995,홍삼 쓸어담는 中보따리상…국내 불법 유통 도마에,"17일 양향자 더불어민주당 의원이 관세청에서 받은 ‘우범 여행자 현장 인도 제한 조치 현황’에 따르면 관세청은 지난해 10월 1197명, 올해 1월 984명의 외국인을 단속 대상인 ‘우범 여행자’로 지정했다."
9999995,"현대차, 테슬라 뛰어넘을 '스마트 모빌리티 기업' 변신 속도",정의선 현대차그룹 수석부회장의 회장 선임은 글로벌 자동차 시장이 코로나19로 인해 한 치 앞을 내다보기 힘든 상황에서 미래 방향성을 결정하기 위해 반드시 필요한 결정이라는 분석이 나오고 있다.
9999995,“KT 동백전 협약 이행해야…부산시 검증 철저히”,부산시가 동백전 운영대행사인 KT의 동백전 사업 협약 이행 여부를 철저히 검증해야 한다는 지적이 나왔습니다.
9999995,경제부총리·공정위원장·금융위원장도 빈소 찾아,한국 경제의 '거목'으로 평가받는 고 이건희 삼성그룹 회장의 빈소에는 기업인 뿐 아니라 경제부처 고위 공무원들도 와 고인을 애도했다.
9999995,"롯데월드타워, 마블 영웅들과 함께하는 핼러윈 ","서울 송파구 롯데월드타워 외벽에 ‘마블 어벤져스’ 아이언맨, 캡틴아메리카, 스파이더맨 이미지가 발광다이오드 조명으로 연출되고 있다."
9999995,"할리스커피, KG그룹 가족사 합류 … F&B사업에서의 역량 강화 기대",KG그룹이 할리스커피를 인수한다.
9999995,"한국필립모리스, 소방관 심리치유 지원",한국필립모리스가 26일 대전소방본부와 소방관들의 정신건강관리 지원을 위한 기부 약정식을 체결했습니다.
9999995,마스크 생산 과잉...재고 7억 장 넘자 수출 규제 폐지,약국마다 마스크를 사기 위해 장사진이 펼쳐졌고 마스크 선물이 큰 인기를 끌기도 했습니다.
9999995, 2020년 10월 22일 목요일 ,"오늘의 이슈를 장예찬 시사평론가, 조동찬 의학전문기자와 함께 오뉴스에서 함께 자세하게 알아봅니다."
9999995,"KB금융, 국내 최초 ESG채권 2,700억 발행",국내 금융지주사 중 원화 ESG채권을 발행하는 것은 KB가 처음이다.
9999995, 아직 재난지원금 못 받은 2차 대상자 12일부터 신청 접수,아직 긴급재난지원금을 받지 못한 특수형태 근로자와 프리랜서에 대한 지원금 신청 절차가 오는 12일부터 다시 시작됩니다.
9999995,내일 전두환 씨 결심공판… 검찰 구형량 관심,"5·18 당시 헬기 사격과 관련해 故 조비오 신부의 명예를 훼손한 혐의로 기소된 전두환씨에 대한 형사재판 결심공판이 내일 열리는 가운데, 검찰의 구형량에 관심이 모아집니다."
9999995,"美 정부, 구글 상대 첫 반독점 소송 제기",20일 미 언론들은 법무부가 11개 주와 함께 워싱턴DC의 연방법원에 검색 시장 독점적 사업자인 구글의 불공정행위에 대한 소장을 제출했다고 보도했다.
9999995,"코리아세일페스타 개막식, 발언하는 정세균 총리",공감언론 뉴시스가 독자 여러분의 소중한 제보를 기다립니다.
9999995,'미얀마 BTS' 꿈꾼다…K팝 배우러 한국에 온 미얀마 아이돌,"방탄소년단, 블랙핑크 등 국내 K팝이 전 세계적인 인기를 끌면서 해외 아이돌이 K팝을 배우려고 한국에 오는 사례도 생겼습니다."
9999995,美 대선 뒤 강경화·이도훈 방미...다음 달 외교전 불붙나,미국 대선이 치러지는 다음 달 3일 이후 강경화 외교부 장관과 이도훈 한반도 평화교섭본부장이 함께 미국을 방문할 것으로 알려졌습니다.
9999995,"야생멧돼지 차단방역망 뚫렸나, 코로나 사태속 ASF 재확산 공포","11일 ASF 중앙사고수습본부에 따르면 지난 8일 강원도 화천군 한 양돈농장에서 출하한 어미돼지 8마리 중 3마리가 폐사한 것을 확인, 정밀검사 결과 9일 ASF로 확진했다."
9999995,"日 첫 제트 여객기, 사실상 개발 중단…코로나19 직격탄",교도통신은 22일 복수의 관계자를 인용해 미쓰비시' 개발비와 인원을 대폭 삭감해 사업을 사실상 동결하는 방향으로 최종 조율 중이라고 보도했다.
9999995,초코케이크의 ‘무한변신’,"제과업계 대표주자인 롯데, 해태, 오리온 등이 스테디셀러인 초코케이크 시장을 놓고 치열한 경쟁을 벌이고 있다."
9999995,김정은 국무위원장 현지지도한 김화군 수해복구 현장,공감언론 뉴시스가 독자 여러분의 소중한 제보를 기다립니다.
9999995,"아리팍 조합장 슈퍼 성과급, 대법원이 제동…왜?",재건축 조합 임원진에게 지나치게 높은 성과급을 주기로 한 조합총회의 결의는 무효로 할 수 있다는 대법원 판결이 나왔다.
9999995,부산 하루 만에 18명 확진...의원·목욕탕 감염 증가세,부산에서 소규모 의원과 목욕탕 등 여러 사람이 이용하는 시설에서 확진자가 큰 폭으로 증가하고 있습니다.
9999995,코리아세일페스타 오는 1일 개막,공감언론 뉴시스가 독자 여러분의 소중한 제보를 기다립니다.
9999995,"농협, 포스코그룹 신입사원과 함께 수확철 농촌일손돕기",공감언론 뉴시스가 독자 여러분의 소중한 제보를 기다립니다.
9999995,"강원도, ‘감염병 관리지원단’ 이달부터 가동",강원도가 신종 감염병에 대응하기 위해 이달부터 감염병 관리 지원단을 가동합니다.
9999995,야스쿠니 가을제사 日각료 참배는 안했다···스가 등 공물 봉납만,교도통신은 스가 총리와 모든 각료는 이번 추계 예대제를 계기로 한 야스쿠니신사 참배를 하지 않는 방향이라고 18일 보도했다.
9999995,與 “26일까지 추천 안 하면 공수처법 강행”… 野에 최후통첩,더불어민주당이 21대 국회 국정감사를 마치는 대로 고위공직자범죄수사처법 개정안을 처리하겠다며 공수처장 추천위원 추천을 하지 않고 있는 국민의힘에 최후통첩을 날렸다.
9999995,고속도로 정체 대부분 해소…부산→서울 4시간 30분,추석인 오늘 귀성과 귀경차량이 동시에 몰리면서 정체를 빚었던 전국 고속도로는 대부분 정체가 풀렸습니다.
9999995,"제천시, 중앙선 복선화 맞춰 수도권 관광객 유치 추진",중앙선 철도 복선화 사업 준공을 앞둔 제천시가 수도권 관광객 유치 전략에 고심하고 있습니다.
9999995,주말에 5명 추가 확진…“가족 간 감염 확산”,오늘 울산에서는 코로나19 확진자 4명이 추가로 발생하는 등 주말 이틀 동안 모두 5명이 확진 판정을 받았습니다.
9999995,"""같이 갑시다"" 아모레퍼시픽그룹, 3개 가맹점과 상생협약 체결","아모레퍼시픽그룹 이니스프리가 이니스프리 경영주 협의회와, 에뛰드는 에뛰드 경영주 협의회와 각각 상생 협약을 체결했다."
9999995,"당정, 1주택자 재산세 인하 놓고 혼선…이낙연 ""수도권 지역 중시해야""","더불어민주당 이낙연 대표가 재산세 부담을 줄일 1주택자의 부동산 가격 기준과 관련해, 서울 등 수도권 지역을 중시해야 한다는 취지의 뜻을 전한 것으로 알려졌다."
9999995,“덕분입니다”…감염병과 싸우는 또 다른 이들,코로나19와 싸워온 의료진에 우리는 '덕분에'란 말로 고마움을 전했습니다.
9999995,"정의당 김종철 대표 “문재인 정부 개혁 흐지부지 많아, 52시간 유예 걱정”","정의당 김종철 대표가 30일 주52시간 근무제도와 관련, “계속 유예되고 있고 이 상대로 가면 또 유예되지 않을까 걱정”이라고 말했다."
9999995,“이게 나라냐” 손팻말 든 국민의힘…정의당은 1인 시위,국회에 온 문 대통령을 야당은 시위로 맞았습니다.
9999995,"파리바게뜨 중단한 '감자빵' 표절일까, 아닐까",12일 식품업계에 따르면 파리바게뜨는 이달 신종 코로나바이러스 감염증 여파로 수요 감소에 시달리는 감자 농가와 상생한다는 취지에서 감자빵을 한정 수량으로 출시했다.
9999995,‘최악 위판’ 부산공동어시장…올해 흑자 전환하나?,"국내 최대 수산물 위판장,  부산공동어시장이 조업 일수 축소와 어획량 감소 등으로 지난해, 개장이래 최악의 실적을 기록했는데요."
9999995,김정은 국무위원장 현지지도한 김화군 수해복구 현장,공감언론 뉴시스가 독자 여러분의 소중한 제보를 기다립니다.
9999995,라임 판매사 첫 제재심서 결론 못내…내달 5일 추가 심의,"2차 제재심에서 판매 증권사인 신한금융투자, 대신증권, KB증권의 전·현직 최고경영자에게 사전 통보된 '직무 정지'의 중징계가 그대로 확정될지, 제재 수위가 낮아질지 주목된다."
9999995,서울대병원 전공의 코로나19 확진…접촉자 등 100여명 음성 판정,18일 의료계에 따르면 서울대병원 영상의학과 소속 전공의 1명이 16일 오후 코로나19 검사에서 '양성' 판정을 받았다.
9999995,"프랑스, 니스 테러에 경계 강화…유럽 각국 테러 규탄 성명",남프랑스를 대표하는 휴양도시 니스의 노트르담 대성당에서 이날 오전 9시께 벌어진 흉기 공격으로 3명이 사망하고 여러 명이 다쳤다.
9999995,"문대통령, 폴란드 대통령 코로나 확진에 ""안타깝다…쾌유 기원""","문 대통령은 이날 트위터에 올린 글에 ""갑작스러운 대통령님의 코로나 확진 소식을 듣고 놀랍고 안타까운 마음""이라며 ""대통령님의 빠른 쾌유를 빌고, 폴란드의 코로나 상황이 조속히 안정되기를 기원한다""고 적었다."
9999995,"진에어, 인천~칭다오 임시편 운영…""韓 교민 위해""",인천~칭다오 임시편은 인천공항에서 15일 오전 10시에 출발해 현지에 오전 10시35분에 도착할 예정이다.
9999995,'코로나 대출' 셋에 하나 끼워팔기…실적 쌓은 은행들,"위기에 빠진 소상공인을 위한 '코로나 대출'을 내주면서 그 대가로 신용카드 같은 다른 금융 상품을 사실상 강매한 은행들의 행태, 저희 뉴스룸이 보도해드렸습니다."
9999995,52년간 닫힌 '북악산 철책문'…문 대통령 직접 '개방',1968년 북한 특수부대원들이 침투한 '김신조 사태' 이후 청와대 뒤편 북악산 일대는 52년간 굳게 닫혀 있었는데요.
9999995,사회적경제기업 해외 온라인 시장 진출 지원,코로나19 장기화로 어려움을 겪고 있는 전북지역 사회적경제 기업의 해외 온라인 시장 진출이 추진됩니다.
9999995,"장석영 과기2차관 ""벤츠·테슬라, 알뜰폰 사업자 제외 검토""","장 차관은 이날 국회 과학기술정보방송통신위원회의 과기정통부에 대한 국정감사에서 벤츠, 테슬라 등의 알뜰폰 사업자 등록 사례에 대한 국민의힘 박대출 의원의 질의에 ""해외 대기업에 혜택을 주는 것은 적절하지 않다고 본다""며 이같이 밝혔다."
9999995,김정은 국무위원장 현지지도한 김화군 수해복구 현장,공감언론 뉴시스가 독자 여러분의 소중한 제보를 기다립니다.
9999995,"후쿠시마 오염수 방류 강행하나…어민들 ""누가 사먹겠나"" 한숨",일본이  후쿠시마  원전에 쌓인 방사능 오염수를 바다에 방류하는  계획을 곧 발표할 거란  현지 보도가 나왔습니다.
9999995,여당 “유예” 주장에도…홍남기 “대주주 기준 수정 원안대로”,정부가 주식 양도소득세를 부과하는 대주주 기준을 예정대로 강화하되 가족합산을 개인별로 바꾸는 기존 수정안을 고수했다.
9999995,가을 이사철 다가오지만…거래 절벽 속 ‘배짱 전세’ 등장,가을 이사철이 시작되지만 성수기라는 말이 무색합니다.
9999995,전주 '옛 대한방직 부지' 개발 논의…첫 시나리오 워크숍 개최,시나리오 워크숍은 특정 사안별 문제점과 해결 방안에 대한 시나리오를 수립해 장단점을 토론한 후 적합한 대안을 모아 미래를 예측하는 공론화 기법이다.
9999995,"'라임' 김봉현 ""야당 정치인 상대 로비... 현직 검사에도 술접대""",라임자산운용 전 스타모빌리티 회장이 16일 '옥중 입장문'을 통해 야권 인사에게도 로비를 벌였으며 현직 검사에게도 접대한 적이 있다고 폭로했다.
9999995,"할리스커피할리스커피, 식음료 브랜드 해리포터와 굿즈 출시",MZ세대를 가장 잘 이해하는 커피전문점 할리스커피가 식음료 브랜드와는 처음으로 해리포터와 콜라보를 진행한다고 20일 밝혔다.
9999995,"나훈아 소신 발언에 국민의힘 ""부끄러워 자괴감 든다""",추석을 맞아 진행된 나훈아의 비대면 공연이 화제가 된 가운데 정치권도 나훈아 씨의 '소신 발언'을 두고 들썩였습니다.
9999995,美 인도태평양사령관 2년만의 방한...대중봉쇄 동참 압박?,필립 데이비슨 미국 인도-태평양 사령관이 2년 만에 방한해 서욱 국방부 장관 등을 만나 의견을 나눴습니다.
9999995,"‘국감 불법성착취물’ 논란 민주평통, 이번엔 우체국·마트가는데 출장비 지급",공공기관인 민주평화통일자문회의가 지난 5년간 소속 공무원들에게 부적절한 명목의 출장비 명목으로 3700여만원을 지급한 것으로 25일 확인됐다.
9999995," ""업체 반발"" 환경호르몬 검출 안 알린 소비자원","소비자원은 이렇게 환경호르몬이 나온다는 사실을 확인하고도, 지난 2년 동안 후속 조치는커녕 그것이 검출됐다는 사실조차 공개하지 않았습니다."
9999995,달리다 바퀴 빠지는 ‘한국판 험비’…그래도 계속 타라?,우리 군이 운용중인 차륜형 장갑차와 소형전술차량에서 결함이 발견돼 배치 차량 절반에 대한 리콜이 결정됐습니다.
9999995,매매가 추월한 귀한 전세…수도권 아파트 왜 이러나,최근 수도권 일부 지역에서는 귀한 전세가 매매가를 뛰어넘는 사례가 나오고 있습니다.
9999995,"GE헬스케어, 원격모니터링 도입 비전 제시",GE헬스케어 코리아가 코엑스에서 열린 2020 국제병원 및 의료기기 산업박람회에서 '뉴 노멀시대의 원격 모니터링의 현재와 지속가능한 비전'을 주제로 병원 경영리더십 간담회를 했습니다.
9999995,"부산, 연휴에 42명 감염...목욕탕 집합금지명령",부산에서는 추석 연휴 기간 모두 42명이 확진돼 증가세를 보였습니다.
9999995,헬스장 관련 피해구제 신청 53% 늘어,코로나19 사태 이후 헬스장 계약 해지와 관련한 소비자 피해가 늘고 있다.
9999995,"與 ""윤석열, 검찰권 남용"" 공세에 尹 ""허 참, 어이가 없다""","만찬 후 계속된 국정감사에서 더불어민주당 의원들은 검찰이 권한을 남용하고 있다며 공세를 멈추지 않았고, 여기에 윤 총장이 ""어이가 없다""고 맞받으면서 고성이 오갔다."
9999995,‘선거법 위반’ 조해진 의원 벌금 300만 원 구형,창원지검 밀양지청은 공직선거법 위반 혐의로 불구속 기소된 국민의힘 조해진 의원에게 벌금 300만 원을 구형했습니다.
9999995,"이성용 공군참모총장, 작전 현황 보고",공감언론 뉴시스가 독자 여러분의 소중한 제보를 기다립니다.
9999995," 재외공관 곳곳에 '친일논란 작가' 작품…""외교 최일선에 부적절""",우리 외교의 최일선인 재외공관 곳곳에 친일행적으로 구설에 오른 화가들의 작품이 걸려 있는 것으로 확인됐습니다.
9999995,中 보란 듯…美항모·핵잠·폭격기 총출동 '용감한 방패' 훈련,미국이  전략자산을  총출동시킨 대규모  훈련 영상을 공개했습니다.
9999995,"김봉현 입장문에 與 ""野 왜 침묵하나"" 역공…野 ""특검하자""",이번 사건으로 수세에 몰렸던 민주당도 김봉현 전 회장의 입장문이 나오자 반격에 나섰습니다.
9999995,'전통시장 살리기' 아이디어...배달도 하고 출입 기록도 전화로,코로나19로 많은 자영업자들이 어려움을 겪고 있습니다.
9999995,"정 총리 “이명박 중형, 검찰개혁 왜 필요한지 보여줘”",정세균 국무총리가 이명박 전 대통령이 대법원에서 징역 17년이 확정된 것과 관련해 검찰 개혁의 필요성을 여실히 보여줬다는 견해를 밝혔다.
9999995,"금감원, 라임자산운용 '등록 취소' 결정",지난해 1조 6천억 원대의 사모펀드 환매중단 사태를 일으킨 라임 자산운용사가 20일 금융감독원으로부터 '등록취소' 제재를 받았다.
9999995,‘가치삽시다’에 예산 30억 들였는데…입점업체 70%가 매출 0원,애물단지로 전락한 정부사업은 온라인에서도 찾을 수 있습니다.
9999995,베네수엘라 대통령은 마두로? 과이도?…영국 법원도 '오락가락',바다 건너 베네수엘라 대통령이 누구인지를 놓고 영국 각급 법원의 판결이 엇갈려 가뜩이나 혼란스러운 상황을 더 복잡하게 만들고 있다.
9999995, 상승 출발…美9월 소매판매 증가·백신 기대,로이터통신에 따르면 이날 뉴욕증권거래소 상승한 2만8570.72로 거래를 시작했다.
9999995,코로나19 위기가구 긴급생계지원금 지급,강원도 내 각 시군이 코로나19로 생계가 어려워진 위기가구에 긴급생계지원금을 지급합니다.
9999995,"이낙연 ""야스쿠니 봉납, 유감""…가와무라 ""비판 받아들인다""",더불어민주당 이낙연 대표는 18일 스가 요시히데 일본 총리의 측근인 가와무라 다케오 일한의원연맹 간사장과 비공개 면담을 가졌다.
9999995,방화 추정 불로 3명 사상...제주에서는 야영객이 뱀에 물려,추석 연휴가 막바지에 접어들고 있는 가운데 전국에서 사건·사고가 잇따랐습니다.
9999995,한국GM 노조 부분파업 결의…잔업·특근도 계속 중단,전국금속노동조합 한국GM지부는 29일 중앙쟁의대책위원회를 열고 부분 파업 등 투쟁지침을 마련했다.
9999995,"홍남기 ""생초자, 주택 대출한도 확대 검토""",홍남기 부총리 겸 기획재정부 장관은 7일 “생애최초 주택 구매자에 대출한도 등 추가적인 혜택이 갈 수 있는 방안이 있는지 금융위원회와 같이 협의하겠다”고 밝혔다.
9999995,"박덕흠 의원, 국회 환노위 ‘이해충돌 여부’ 심사 청구","2015년부터 5년간 국회 국토교통위원회에서 활동한 당시 '이해 충돌' 논란이 불거진 무소속 박덕흠 국회의원이, 새 상임위인 환경노동위원회 활동을 할 수 있는지 국회사무처에 심사를 청구했습니다."
9999995,"법원, 또 경찰이 막은 조국→추미애 자택 車집회 조건부 허용",법원이 개천절 10대 미만의 차량을 이용한 집회를 금지한 서울시와 경찰의 결정에 또다시 제동을 걸었다.
9999995,내포신도시 탄력…“환황해권 신성장 거점도시로”,"충남의 도청 소재지인 내포신도시는 당초 계획과는 달리,  도시의 성장과 발전 속도가 더디게 진행되고 있는데요."
9999995,두살아이가 12억 아파트 구입…3년간 9억 넘는 집 산 미성년 14명,최근 3년간 수도권에서 9억원 이상인 고가주택을 산 미성년자가 14명으로 나타났다.
9999995,"김남국, 서민 향해 ""연세도 있으시고…좀 조심하셨으면 좋겠다""","김남국 더불어민주당 의원이 29일 서민 단국대 교수에 대해 ""연세도 있으시고, 대학에서 학생들을 가르치시는 만큼 좀 조심하셨으면 좋겠다""고 했다."
9999995,"38노스 ""北 신형 SRBM, 남측 요격에 여전히 취약""","미국 미사일 전문가인 마이클 엘먼 국제전략문제연구소 기고한 글에서 북한의 최신형 단거리 탄도미사일인 KN-23, KN-24에 대해 이 같은 평가를 했다."
9999995,"유명희, WTO 사무총장 선거 결선 진출...여성 수장 탄생 예고","유명희 산업통상자원부 통상교섭본부장이 세계무역기구, WTO 사무총장 선거에서 두 명만이 경합하는 최종 결선에 진출했습니다."
9999995,"""'추미애 라인' 이성윤 못 믿어, 특검으로""... 과녁 바꾼 野",라임자산운용 환매 중단 사태 핵심 인물인 김봉현 전 스타모빌리티 회장의 옥중 폭로로 추미애 법무부 장관과 윤석열 검찰총장이 맞붙자 국민의힘은 '추미애 사단'으로 꼽히는 이성윤 서울중앙지검장을 정조준했다.
9999995,"이재명 지사, 고 이건희 삼성그룹 회장 빈소 찾아",공감언론 뉴시스가 독자 여러분의 소중한 제보를 기다립니다.
9999995,"이재명 ""日 스가 방한할 일 없겠다…사과로 끝날 일 아냐""","이재명 경기도지사가 1일 ""법적으로나 국민감정으로나 수용 불가능한 조건을 내세우는 것을 보니 스가 요시히데 총리가 방한할 일은 없을 것 같다""고 말했다."
9999995,"선명한 진보·세대교체 열망 반영된 결과…김종철, 원외 한계에 대중성 확보도 난제",정의당 신임 당대표에 김종철 후보가 선출됐다.
9999995,"5만원짜리 카메라렌즈, 나라장터선 12만원?...""정부조달시장 불공정""",조달청이 운영하는 나라장터 종합쇼핑몰의 물품 가격이 시중 쇼핑몰에 비해 여전히 비싼 것으로 나타났다.
9999995,"노벨물리학상에 펜로즈·겐첼·게즈…""블랙홀 증명과 발견 공로""",스웨덴 왕립과학원 노벨위원회는 6일 블랙홀 연구에 이바지한 공로로 이들을 수상자로 선정했다고 밝혔다.
9999995,"한국GM 노조, 23일부터 잔업ㆍ특근 거부 투쟁",한국GM 노동조합이 잔업과 특근 거부에 나선다.
9999995,최기영 장관 “5G 28GHz 당장은 포기”,5세대 이동통신의 28㎓ 대역망 구축에 대한 논란이 잇따르는 가운데 최기영 과학기술정보통신부 장관이 “당장은 포기”라는 입장을 공식화했다.
9999995,"최장집 ""금태섭 못버티는 민주당에 민주주의 없어…보수 살길 있다""",최 교수는 이날 오후 서울 여의도에 위치한 새로운보수당 출신 원내외 인사들의 협동조합 카페 '하우스'에서 '우리의 민주주의는 안녕한가요?'라는 주제로 개장 기념 특강을 열고 이렇게 밝혔다.
9999995,"""韓, 남녀 임금격차 1위…'임금분포공시제' 도입 검토 필요""",입법조사처가 최근 발간한 '스위스의 임금분포공시제 도입 및 시사점' 보고서에 따르면 지난해 기준 우리나라의 남녀 임금격차 비율은 32.5%로 경제협력개발기구 국가 중 압도적 1위다.
9999995,"하태경 의원, 北피격 유족과 해상 위령제",공감언론 뉴시스가 독자 여러분의 소중한 제보를 기다립니다.
9999995,"존슨 英총리 ""EU 안바뀌면 합의 못해...무역협정 무산 준비""","BBC 등 현재 매체들에 따르면 존슨 총리는 16일 연설을 통해 ""EU가 지난 몇 달간 진지한 협상을 거부했기 때문에 우리가 호주와 유사한 방식으로 1월 1일을 준비해야 한다고 결론내렸다""고 밝혔다."
9999995,접경지역 ASF 방역상황 점검하는 김현수 장관,공감언론 뉴시스가 독자 여러분의 소중한 제보를 기다립니다.
9999995,"김정은, 6번째 수해복구 점검...김여정 등장, 적극 행보 나서나",김정은 북한 국무위원장은 올여름 이후 여섯 번째로 수해 현장을 공개 방문하며 복구를 독려했습니다.
9999995,원·달러 환율 1년7개월 만에 ‘최저’,최근 원·달러 환율이 가파른 하락세를 지속하면서 1년7개월 만에 가장 낮은 수준까지 내려왔다.
9999995,"한전기술, 글로벌 핵심인재 양성 위한 역량강화교육 개설","한국전력기술은 급변하는 에너지 정책에 적극적으로 대응하고, 해외사업 확대에 대비한 글로벌 수준 핵심인재의 선제적 양성을 위해 오는 12월 4일까지 8주에 걸쳐 2020년 글로벌역량강화교육 ‘Global Business Intensive Course’를 개설해 시행한다고 13일 밝혔다."
9999995,"美 대선 코앞…연휴 끝나고 증시 악재 줄줄이, 투자 전략은",닷새간의 긴 추석 연휴 이후 돌아올 국내 증시에 줄줄이 악재 소식이 기다리고 있어 투자자들의 주의가 요구된다.
9999995,"문대통령, 브라질 대통령에 유명희 지지 당부…""WTO 총장 적임""",문재인 대통령은 5일 오후 자이르 보우소나루 브라질 대통령과 정상통화를 하고 세계무역기구 사무총장 선거에 출마한 유명희 산업통상자원부 통상교섭본부장을 지지해 달라고 당부했다.
9999995,"뉴질랜드 성추행 피해자 측 “끔찍했다, 한국 국감서 진상 밝혀달라”",2017년 주 뉴질랜드 한국 외교관의 현지 직원 성추행 사건과 관련해 피해자인 뉴질랜드인 W씨 측은 6일 한국 국회의 외교부 국정감사에서 사건의 진상을 밝혀달라고 요구했다.
9999995,"시·군, 개천절 집회 참가 자제 요청","일부 보수단체가 서울 등지에서 개천절 집회 강행을 예고한 가운데, 강원도 내 시·군은 코로나19 확산을 막기 위해 집회 참석을 자제해달라고 지역민들에게 요청했습니다."
9999995,전북 제3금융중심지 지정…돌파구 없나?,"전라북도는 세계 3대 연기금 가운데 하나인 국민연금을 중심으로, 제3 금융중심지 지정을 추진하고 있는데요."
9999995,에듀윌 경찰공무원 형법 장진 교수 “20년 경력과 경험의 노하우 모두 공개”,"그럼에도 장진 교수는 “경찰공무원 합격을 위해서는 형법학이 아닌 수험 형법을 학습해야 한다”며, “그간의 경력과 경험을 바탕으로 형법 전문가로서의 노하우를 아낌없이 전수하겠다”고 포부를 밝혔다."
9999995,"경찰, 도시공사 ‘민자 주차장 특혜’ 내사 착수",KBS가 집중 보도한 광주도시공사의 민간 위탁 주차장 사업 특혜 의혹에 대해 경찰이 내사에 착수했습니다.
9999995,완도발 여객선 고장으로 오전 결항…귀성객 불편,추석 당일인 오늘 새벽 전남 완도에서 출발해 제주에 입항하는 여객선 실버클라우드호가 기관 고장으로 완도항에서 출발하지 못하며 귀성객들이 큰 불편을 겪었습니다.
9999995,옛 광주교도소 ‘민주·인권 파크’ 조성 순조,광주시의 민주·인권 기념파크 조성사업이 순조로워 오는 2025년 마무리될 전망입니다.
9999995,코로나19로 꽉 닫힌 해외 취업문 이제 열리나?,코로나19로 국내 취업난이 심각해지자 해외 취업에 도전하는 청년들이 늘고 있습니다.
9999995,이재명 “코로나로 낯선 추석…서로 따뜻한 안부로 안아주시길”,이 지사는 이날 저녁 자신의 페이스북에 올린 글에서 “어머니 없이 보내는 첫 명절이기 때문”이라면서 이같이 밝혔다.
9999995,"문 대통령, 인사청문회 개선 필요성 강조...개각 준비?",문재인 대통령이 인사청문회 기피 현상으로 좋은 인재를 영업하기 어렵다며 지나친 신상털이 식 청문 제도의 개선 필요성을 강조했습니다.
9999995,"""美 380만 일자리 영구적으로 사라져…되돌리는 데 수년 걸릴 것""",버락 오바마 미국 행정부에서 백악관 국가자문위원회 현 시카고대 교수의 전망이다.
9999995, 뉴욕증시 상승 출발…나스닥 0.4%↑,20일 뉴욕증시가 상승 출발했다.
9999995,피살 공무원 선상 위령제,공감언론 뉴시스가 독자 여러분의 소중한 제보를 기다립니다.
9999995,"돌아온 명견만리 ""국회·언론, 코로나에 부정적 영향""","정치권, 언론, 종교가 코로나19 대응 평가에서 낙제점을 받았다."
9999995,"외교부 “북한 피격 공무원 수색 관련, 中에 협조 요청”",외교부가 서해상에서 실종됐다가 북한군 총격에 숨진 해양수산부 공무원의 시신수색과 관련해 중국 측에 협조를 요청했다고 21일 밝혔다.
9999995,"농민단체, ‘생존 위기’ 농업 정책 수립·예산 확보 촉구",농민단체가 위기에 처한 농업을 살리기 위한 정책 마련과 농업 예산 확대를 촉구했습니다.
9999995,박근혜 정부때 공공택지 지정 실적이 가장 낮아,역대 정권 중 박근혜 정부 때 공공택지 지정실적이 가장 낮은 것으로 나타났다.
9999995,"복지부, 장·차관 추석 포스터 논란에 ""물의 일으켜 송구""",장·차관 얼굴을 전면에 내세운 보건복지부의 추석 인사 포스터가 코로나19 사태로 엄중한 시국에 맞지 않는다는 논란이 불거지자 복지부가 송구스럽다는 입장을 내놨습니다.
9999995,광주시의회 “도매시장 구조적 대안 마련해야”,지난달 KBS의 농산물 유통 집중 보도와 관련해 광주시 의회가 구조적인 대안 마련을 촉구했습니다.
9999995,국감서도 나온 ‘마포 사는 홍남기씨’ 사례… 김현미 “새 집 알아봐야”,김 장관은 이날 국회 국토교통위원회 국정감사에서 “집값이 안정화되면 2017년부터 3년 내내 집을 살까 말까 고민해오던 2030세대의 불만이 해소된다고 보느냐”는 국민의힘 김희국 의원의 질의에 이같이 답했다.
9999995, '공공외교' 연 2억 들여 파견했는데…사업 실적은 미미,민간 차원의 공공 외교를 담당하는 국제교류재단 직원들이 과도한 인건비와 체류비를 받고 있다는 지적이 제기됐습니다.
9999995,충북 9월 수출 23억 달러…25%↑,청주세관은 지난달 충북 수출액은 23억 달러로 지난해 같은기간보다 25% 증가했다고 밝혔습니다.
9999995,“대전지역 보이스피싱 피해액 5년 사이 5배”,대전지역 보이스피싱 피해액이 지난 5년 사이 5배로 늘어난 것으로 나타났습니다.
9999995,"""앗 뜨거""…애플워치 새 모델 '손목화상' 신고 잇따라",애플워치는 세계에서 가장 많은 사람들이 차는 스마트시계입니다.
9999995,김정은 국무위원장 현지지도한 김화군 수해복구 현장,공감언론 뉴시스가 독자 여러분의 소중한 제보를 기다립니다.
9999995,"부산, 종합병원서 3명 확진…소규모 집단감염 계속",추석 연휴 나흘째인 오늘 부산에서는 5명의 코로나19 추가 확진자가 나왔습니다.
9999995,"여야, '라임·옵티머스' 공방 격화…""공수처로"" vs ""특검으로""",민주당은 김 전 회장의 폭로를 '공작수사' 의혹으로 규정하고 고위공직자범죄수사처 도입을 재차 주장하며 여론전을 펼쳤다. 라임·옵티머스 사태의 여권 인사 연루 의혹으로 코너에 몰렸던 민주당은 김 전 회장의 폭로가 나오자 수세에서 공세로 전환한 모습이다.
9999995," ""전세난, 예측하지 못했습니까""","18세기 프랑스에서 우유가 귀해진 건 영화 속에서 우유를 찾는 정치인 로베스 피에르, 그가 내놓은 정책 때문이었습니다."
9999995,"""넷플릭스, 코리아 패싱하는 '갑플릭스'""…국회 질타 집중","국회 과학기술정보방송통신위원회 소속 양정숙 무소속 의원은 23일 방송통신위원회 등에 대한 국정감사에서 ""넷플릭스가 LG유플러스와의 계약에서 망 사용료를 내지 않는 것으로 계약을 했다는데 이러니 넷플릭스를 '갑플릭스'라고 하는 것""이라고 지적했다."
9999995,최근 5년 명절 화재 340여 건…음식물 조리 ‘최다’,"부산소방재난본부는 최근 5년간 명절 연휴 기간 발생한 화재는 모두 341건으로 16명이 다치고, 3억 5천여만 원의 재산 피해가 발생했다고 밝혔습니다."
9999995,고 이건희 삼성그룹 회장 빈소 향하는 이재명 경기지사,공감언론 뉴시스가 독자 여러분의 소중한 제보를 기다립니다.
9999995," 연휴 끝나가는 주말, 전국 기온 '뚝'",기상청은 2일 저녁 중부지방은 대체로 흐리고 남부지방과 제주도는 구름이 많겠다고 밝혔다.
9999995,현대차 '정의선 시대' 개막…격랑의 자동차업계 돌파할까,재계 2위인 현대차의 정의선 수석 부회장이 오늘 회장직에 오르면서 완전한 '3세 경영'에 들어 갔습니다.
9999995,"이낙연 대표, 추석 맞아 노무현 전 대통령 묘소 참배",1일 최인호 수석대변인은 “이 대표는 고 노무현 대통령 묘소를 참배하고 권양숙 여사를 예방했다”고 밝혔다.
9999995, 동북아 ‘항공모함’ 경쟁…한국형 경항모는 어떤 모습?,한반도 주변은 지금 항공모함 경쟁이 치열합니다.
9999995,"'장하성 논란' 두고 조경태 ""뻔뻔한 정권""...유은혜 ""그렇게 말하지 말라""","26일 국회 교육위원회의 교육부 등에 대한 종합 국정감사에서 조경태 국민의힘 의원은 교육부 감사 결과 장하성 대사가 유흥업소를 이용한 것으로 의심되는데, 앞선 21일 국회 외교통일위원회 국정감사에서 장 대사는 유흥주점이 아닌 음식점이라고 위증을 했다고 비판했다."
9999995," ""서로 말 아껴야"" 이낙연 함구령에도…'BTS 병역특례' 논의 지속","이낙연 민주당 대표는 7일 오전 국회에서 열린 당 최고위원회의에서 ""병역문제를 정치권에서 계속 논의하는 건 국민들께서 보기에 편하지 못하고 BTS 본인들도 원하는 일이 아니다""라며 ""이제 서로 말을 아꼈으면 좋겠다""고 당부했다."
9999995,김정은 국무위원장 현지지도한 김화군 수해복구 현장,공감언론 뉴시스가 독자 여러분의 소중한 제보를 기다립니다.
9999995,주상복합 ‘용적률 제한’…“일조권 확보” vs “경기위축”,주상복합 건물의 주거 비율을 낮추는  대구시의 조례 개정안을 두고 찬반 양론이 엇갈리고 있습니다.
9999995,"해수부, 내일 '항만배후단지 투자유치' 온라인 학술대회",해양수산부는 30일 서울 중구 호텔프린스에서 '항만배후단지 투자유치 활성화를 위한 콘퍼런스'를 온라인으로 개최한다고 29일 밝혔다.
9999995,"'수소차'타고 온 文대통령, 52년 만에 靑북악산 철문 직접 열었다",문재인 대통령이 31일 1968년 북한의 청와대 기습 시도 사건인 '김신조 사태' 이후 52년 동안 굳게 닫혀 시민들의 출입을 통제했던 북악산 성곽 북측면 철문을 직접 열었다.
9999995,피해자 한 서린 '형제복지원'...비상상고로 위로받을까?,"군사정권 시절 최악의 인권유린 사례로 꼽히는 '형제복지원' 사건, 가해자들은 무죄판결을 받았지만, 살아남은 피해자들은 고통 속에 삶을 버티고 있습니다."
9999995,931회 로또 1등 당첨자 8명 '29억원씩'…모두 자동선택,당첨번호 6개를 모두 적중시킨 1등은 8명으로 29억5710만8063원씩 받는다.
9999995,“전두환 불출석 왜 허가?”…국감서 광주법원 질타,오늘 국정감사에서 사자명예훼손혐의로 재판 중인  전두환 씨의 불출석을 허가한 광주지방법원에 대한 질타가 이어졌습니다.
9999995,공수처 출범 '첫발'…국민의힘 '처장' 추천위원 확정,"검찰을 견제할 고위공직자 범죄수사처, '공수처 법'이 시행된 지 100일이 지나도록 공수처장으로 추천할 위원 선정을 미뤄오던 국민의힘이 오늘 추천위원을 확정하고 다음주에 명단을 제출하겠다고 밝혔습니다."
9999995,시·도 국정감사 국회에서 열려…광주는 22일,국회 행정안전위원회가 각 시·도와 경찰청 국정감사를 국회에서 한꺼번에 하기로 했습니다.
9999995,서울 곳곳 99명 집회…민노총·공공운수노조·자유연대 등,토요일인 24일 서울 곳곳에서는 방역당국의 지침에 맞춘 참가자 100명 미만의 소규모 집회가 열렸다.
9999995,"전남도, ‘전기화물차 구매’ 최대 2천7백만 원 지원",전라남도가 전기 화물차 구매 보조금을 지원합니다.
9999995," ""신차 결함 반복돼도 안바꿔줘""…레몬법 2년 교환 0건",새로 산 자동차에  결함이 있으면 교환·환불해주도록 한   '한국형 레몬법'이  지난해 도입됐습니다.
9999995,"개천절 행사서 '대화 장면' 포착된 이낙연, 김종인···이 ""공수처·공정3법 논의”",이낙연 더불어민주당 대표와 김종인 국민의힘 비상대책위원장이 3일 개천절 경축식에서 만나 대화를 나눴다.
9999995,빅히트 일반 청약 경쟁률 607대 1…58조 몰려,그룹 방탄소년단 소속사 빅히트엔터테인먼트의 일반 공모주 청약에 58조원이 넘는 증거금이 몰렸습니다.
9999995,"화천 ASF 발생농장 방역·예찰 강화, 일시이동중지 24시간 연장",ASF 중앙사고수습본부는 화천 양돈농장 ASF 발생에 따른 경기·강원 양돈농장·축산시설·축산차량 스탠드스틸의 시한을 당초 11일 오전 5시에서 12일 오전 5시로 연장한다고 10일 밝혔다.
9999995,"북한 황해북도 송림 동쪽서 규모 2.5 지진…""자연지진으로 분석""","진앙은 북위 38.74도, 동경 125.89도이다."
9999995,에어프라이어로 조리한 샌드위치 맛보세요 ,4일 서울 이마트 트레이더스 월계점에서 모델들이 신세계푸드에서 만든 에어프라이어 전용 냉동 샌드위치 ‘밀크앤허니 바질치즈 치아바타 샌드위치’를 소개하고 있다.
9999995,공군 최우수 통제사 ‘골든아이’에 전성환·김병용 준위,공군은 최우수 방공무기통제사에 전성환 준위를 선발했다고 20일 밝혔다.
9999995,"대주주 요건 3억원, 연말 매도행렬에 주가 '혼돈'",세금을 피하기 위해 개미투자자들이 대거 주식 물량을 쏟아내면 주가 지수 역시 버티지 못하고 폭락할 것으로 예상돼 부동산에 이어 주식 시장마저 정부 규제로 대거 위축될 것이라는 분석이다.
9999995,“대기·폐수 등 환경법 위반 업체 익산 산단에 집중”,"익산참여연대가 전라북도로부터 받은 정보공개 자료를 보면, 올해 1월부터 8월까지 환경법 위반으로 행정처분을 받은 도내 대기, 폐수 배출 사업장 57곳 가운데 익산 산단 업체는 32%인 18곳입니다."
9999995,"與 의원들 ""한전, 베트남 붕앙2 석탄발전 투자 결정 철회해야""","민주당 이소영 양이원영 의원은 이날 국회 기자회견에서 ""한전의 붕앙2 석탄발전 사업 투자는 환경적으로 나쁠 뿐만 아니라 경제적으로도 어리석은 결정""이라며 ""한전의 결정은 즉각 철회돼야 한다""고 촉구했다."
9999995,태양광업체서 마스크 30만 장 구매?…강원랜드의 수상한 계약,"공공기관인 강원랜드가 마스크 대란이 있었던 지난 2월, 마스크 30만 장을 구입했는데, 납품업체는 태양광 패널 판매업체였고 마스크는 미인증 제품이었습니다."
9999995,"여야 ""코로나 확진 트럼프 내외, 조속한 쾌유 기원""","여야가 코로나19 확진 판정을 받은 미국 트럼프 대통령 내외에게 ""조속한 쾌유를 기원한다""며 응원과 위로의 메시지를 전했다."
9999995, 국세행정 국민참여단 출범,일반 국민이 납세 서비스 설계에 직접 참여하고 국세행정에 대한 의견을 제시하는 '국세행정 국민참여단'이 23일 출범했다.
9999995,‘안전한 먹거리’ 무항생제 고기 찾는 소비자들,서울 삼성동에 사는 주부 최모씨는 육류 구입을 위해 주로 대형 할인점을 찾는다.
9999995,"한화건설, 한강 조망 ‘포레나 양평’",한화건설은 경기도 양평에서 ‘포레나 양평’을 분양 중이라고 밝혔다.
9999995,민주노총 “화북공단 노동자 38%만 연장근로수당 받아”,제주시 화북공업단지에서 일하는 노동자 상당수가 연장근로수당을 제대로 받지 못하고 있다는 주장이 제기됐습니다.
9999995,코로나19 여파로 학교급식 농축산물 판매 75% 급감,코로나19 확산 여파로 학생들의 출석 수업이 줄면서 급식용 농축산물 판매가 크게 줄었습니다.
9999995,"최재성 靑수석 “집값 급등, 박근혜 정부 부양책 때문”",최재성 청와대 정무수석은 28일 KBS 뉴스와의 인터뷰에서 “박근혜 정부가  부양책을 써서 ‘대출을 받아 집을 사라’고 내몰아 집값이 올라갔다”며 “그 결과는 이 정부가 안게 됐다”고 말했다.
9999995,베트남 호치민에서 'K방역 소비재전' 12월 개최,전시전문기업 글로벌비즈익시비션은 '2020 베트남 K방역·바이오 및 소비재 해외특별전'이 오는 12월 10일부터 12일까지 베트남 호치민 탄빈전시컨벤션센터에서 열린다고 31일 밝혔다.
9999995,"신혼부부·생애최초 특공 기준 완화…""연봉 1억 맞벌이도 가능""","네, 이러다 '정부가 전세대책을  또 내놓지 않을까' 하는 관측이  나오는데요.."
9999995,아파트 증여·영끌 역대 최고치…시장은 정부 반대로 갔다,한국감정원의 9월 통계에서 올해 3분기 아파트 증여 건수가 역대 최고치를 기록한 것으로 나타났다.
9999995,"북한, 개천절 행사 보도 아직 없어…코로나19 영향인듯","북한의 개천절은 법정 공휴일인 남한과 달리 '빨간 날'은 아니지만, 매년 평양 단군릉에서 단군제를 열었고 매체들은 이를 보도했다."
9999995,,"미국 대선이 열흘 앞으로 다가온 가운데, 역대 선거에서 표심이 요동쳤던 경합주에 관심이 집중되고 있습니다."
9999995,미 신규 실업수당 신청 90만건… 2009년 금융위기 때보다 38% 많아,미국 경제를 가늠하는 매우 중요한 잣대인 신규 실업수당 청구 숫자가 급증했다.
9999995,“인자 내 이름 잘 쓴다”…지리산 할머니들 감동의 시,여든이 넘은 나이에  한글을 배운 산청 지리산 할머니들이 삶의 희로애락을 담은 시를 내놔서 감동을 전하고 있습니다.
9999995,“‘비상장주식 보유 논란’ 구자근 기소해야”…팔짱 낀 국민의힘,KBS가 보도한 국민의힘 구미갑 구자근 의원의 비상장주식 보유 논란과 관련해 구미지역 시민사회단체들이 구 의원을 기소하라고 검찰에 촉구했습니다.
9999995,'김종인 비대위 퇴진론' 놓고…野 영남권 중진 의원들 온도차,"최근 국민의힘 등 야권 안팎에서 김종인 비상대책위원장 체제에 대한 비판론이 거듭 제기되고 있는 가운데, 영남권 중진 의원들의 쓴소리도 이어졌지만 그 온도차는 조금씩 달랐다."
9999995,올해 4인 가족 김장비용 40만 원 안팎,올해 배추와 무 등 채소가격이 급증하면서 4인 가족 김장비용이 40만 원 안팎에 이를 전망입니다.
9999995," 여야, 윤석열 '국감 작심발언' 두고 연일 공방",윤석열 검찰총장의 국정감사 발언을 두고 정치권에 여진이 이어지고 있습니다.
9999995,올브라이트 “北과 관계 개선 문 항상 열어둬야”,매들린 올브라이트 전 미 국무장관은 30일 “ 관계 개선을 위한 문을 항상 열어두고 있어야 한다”고 강조했다.
9999995,"지역 재계, ‘특별입국’으로 경제 회복 기대","지역 경제계가 최근 한-일 양국 정부가 합의한 기업인 특별입국절차, 이른바 패스트트랙에 기대를 걸고 있습니다."
9999995,주식 추천한다며 ‘19금’ 방송…관리·감독은 전무,"요즘 주식투자에 관심이 높아지다보니, 인터넷 방송으로 배우는 분들도 많습니다."
9999995,울산서 추석연휴 첫 확진자 발생…누적 148명,울산시는 울주군 거주 47세 여성이 3일 오후 8시50분 최종 양성판정을 받고 울산대학교병원에 입원할 예정이라고 3일 밝혔다.
9999995,"국내 창업기업, 10개 중 7개 기업 5년 못 버텨",국내 창업기업 10개 중 7곳이 5년을 넘기지 못하는 것으로 나타났다.
9999995,"농식품부, 고병원성 AI 항원 검출 주변 철새도래지 특별관리지역 지정","AI 특별관리지역으로 지정된 철새도래지는 경기 청미천·안성천·진위천, 충남 봉강천·병천천·풍서천·곡교천, 충북 무심천·보강천·미호천이다."
9999995,"서울 아파트 전셋값 66주째 상승...""당분간 시장 불안""","새 임대차법 시행으로 세입자들의 주거 안정은 강화됐지만, 전세 매물 부족에 따른 전셋값 상승은 이어지고 있습니다."
9999995,미국 증시는 바이든 승리에 걸었나…태양광·대체에너지주↑,월스트리트저널 바이든 후보의 공약에 힘입어 최근 태양광과 대체 에너지 관련주가 미국 증시에서 급등했다고 보도했다.
9999995," 김현미 “복도에 사람들 늘어선 사진 속 전셋집, 실상은…”",최근 전셋집을 보려고 사람들이 복도식 아파트에 긴 줄을 지어 대기하는 사진이 소셜미디어를 통해 퍼지면서 전세난을 상징하는 장면으로 인식된 바 있다.
9999995, 독감백신 접종 후 사망 주요 통계,질병청은 이날 '예방접종피해 조사반 회의'를 열어 이 같은 결론을 내렸다.
9999995,"최재형 ""월성 감사 끝나고 임명권자와 감사위원 제청 논의""","최 원장은 이날 국회 법제사법위원회의 종합 국정감사에 출석해 '지금 공석인 감사위원에 김오수 전 법무부 차관 이야기가 나오는데 생각하는 인물이 있나'라는 전주혜 국민의힘 의원 질의에 ""제가 특정인을 감사위원으로 임명하려는 생각은 없다""면서 이같이 답변했다."
9999995,강원 화천 양돈농장서 돼지열병 의심가축 발생,이 농장에서는 돼지 940여마리를 사육하고 있다.
9999995,증권가 채용문 연다…추석 끝나면 하반기 공채 시즌 돌입,신종 코로나바이러스 감염증 사태 후 꽁꽁 얼어버린 채용 시장이 연말로 갈수록 온기가 감돌 전망이다.
9999995,하태경 “文정부 책임 피하려 월북론”…진성준 “뜬금없이 친북론 자처”,개천절인 오늘 여야는 북한군에 피격된 연평도 공무원의 ‘월북 논란’을 놓고 공방을 이어갔습니다.
9999995,"""코로나 유언비어 퍼뜨린 악플러 고소했더니 쿠팡맨?""…답답한 쿠팡","앞서 한 매체는 쿠팡에서 배송 담당 직원이 지난 3월 사망한 '쿠팡친구'를 애도하는 글을 SNS에 올리자, 쿠팡이 사측의 명예를 훼손했다는 취지로 경찰에 고소장을 접수했다고 보도했다."
9999995,“춘천 의암호 사고 수사 지연…중간 발표라도 해야”,"오늘 강원지방경찰청에 대한 국정감사에서 정의당 이은주, 국민의힘 이명수 의원 등은 춘천 의암호 선박 전복 사고 석 달이 다 되도록 수사 결과가 안 나오고 있다며, 중간발표라도 하고, 재발 방지 대책을 마련하라고 요구했습니다."
9999995,미국 폴 밀그럼·로버트 윌슨 노벨 경제학상 수상,"올해 노벨 경제학상은 통신주파수, 전기, 천연자원을 비롯한 자원을 효율적으로 배분할 수 있는 ‘경매이론’을 고안한 미국 스탠퍼드대의 폴 밀그럼 교수에게 돌아갔다."
9999995,"법사위, 국감 첫날 사법개혁 지적…대법원장 ""노력할것""",국회 법제사법위원회는 7일 대법원 등을 상대로 첫 국감 질의를 진행했다.
9999995,"공무원 피격 놓고 ""수사냐 조사냐""…진영 ""형사법을 잘 몰라서""","국민의힘 김형동 의원은 막바지 질의에서 지난달 해수부 서해어업지도관리단 소속 공무원 A씨가 북측 해역에서 북한군에 피격 사망한 사건과 관련해 ""우리나라 수사기관이 수사해야 할 대상인가""라고 진영 행안부 장관에게 물었다."
9999995,"산업장관 ""월성 1호기 경제성 조작 안 했다""","성 장관은 이날 국회 산업통상자원중소벤처기업위원회 국정감사에서 '경제성 평가가 잘못됐다고 나왔는데, 월성 1호기 조기폐쇄를 그대로 추진하는 것은 감사 결과를 전면 부정하는 것'이라는 국민의힘 구자근 의원 지적에 이같이 말했다."
9999995,"""각하, 시원하시겠다"" 직격한 곽상도 ""윤석열 무력화로 독재 향한 한 걸음 더""","곽 의원은 20일 자신의 페이스북에 올린 글을 통해 “각하, 시원하시겠다”며 “눈에 가시 같던 윤석열 검찰총장을 식물총장으로 무력화하고, 재인산성 쌓아 독재를 향해 한 걸음 더 내디뎠다”면서 이렇게 목소리를 높였다."
9999995,아들 골프대회 때마다 해외로…이상직의 ‘수상한 출장’,이스타항공 사태로 민주당을 탈당한 이상직 무소속 의원에 대한 새로운 의혹이 나왔습니다.
9999995,"뉴욕증시, 부양책 도입 기대 유지 상승 출발","오전 9시 52분 상승한 28,395.75에 거래됐다."
9999995,"IMF, 한국 성장률 전망 0.2%p 올려 -1.9%",IMF가 올해 우리나라 경제성장률 전망치를 -1.9%로 조정했다.
9999995,비대면 축제·가족 단위 캠핑…“슬기롭게 연휴 즐겨요”,코로나19 확산 우려 속에 비교적 차분한 추석 연휴가 이어지고 있습니다.
9999995,"""박근혜 적폐몰이 끝나니 윤석열 토사구팽"" 주호영 라임 사태 날선 비판","국민의힘 주호영 원내대표 21일 추미애 법무부 장관의 수사지휘권 발동과 관련, ""박근혜 전 대통령을 비롯한 전 정권 사람들을 적폐 세력으로 몰아 윤석열 검찰총장을 앞세워 처벌하고, 그게 끝나니 윤 총장을 쫓아내려는 것 아니냐""고 쓴소리를 쏟아냈다."
9999995,"이낙연, 스가 측근 면담...한일관계 개선 계기 찾을까?",이낙연 더불어민주당 대표가 스가 일본 총리의 측근 인사와 비공개로 만나 한일관계 개선 방안 등을 논의했습니다.
9999995,"베트남 총리 ""삼성, 첨단기술 프로젝트 투자 입지 물색""",푹 총리는 이날 베트남 하노이 총리실로 예방한 이재용 삼성전자 부회장과의 회담에서 이같이 밝혔다고 베트남 정부 온라인 매체가 전했다.
9999995,올해 추석부터 사라진 '노란 뚜껑'...친환경 소비자가 바꿨다,"올해 추석엔 이 노란 뚜껑이 잘 보이지 않게 됐는데, 뚜껑 반납 운동 때문이라고 합니다."
9999995,'상온 노출' 의심 독감백신 접종자 2303명…13명 늘어,질병관리청은 상온노출 의심 독감백신 접종자가 2303명이라고 3일 밝혔다.
9999995,19일부터 코로나19 긴급 생계 지원 현장 접수,울산시가 코로나19 피해 지원 사업의 혜택을 받지 못하는 '저소득 위기가구'를 대상으로 한 '긴급생계지원 사업'의 현장 접수를 오는 19일부터 30일까지 읍·면·동 사무소에서 실시합니다.
9999995,강원도 “레고랜드 대출사 BNK로 변경 추진”,강원도가 춘천 레고랜드 사업의 대출 전담 은행을 '한국투자증권'에서 'BNK투자증권'으로 바꾸는 방안을 추진하고 있습니다.
9999995,"사라졌던 北 조성길, 작년 7월 국내 들어왔다",2018년 해외 현지공관을 이탈해 행방이 묘연했던 조성길 전 주이탈리아 북한대사대리가 한국행을 택해 현재 국내에 체류중인 것으로 확인됐다.
9999995," 강경화 장관 배우자, ‘여행주의보’에도 미국행…이유는?","전세계적으로 코로나 19 확산세가 계속되는 가운데, 강경화 외교부 장관의 배우자인 이일병 전 교수가 오늘 미국으로 출국했습니다."
9999995,"어린이용 독감 백신 부족에…""청소년용 백신 15% 어린이용으로""","질병관리청 관계자는 14일 ""지방자치단체에서 총량구매 인플루엔자 백신을 12세 이하 물량으로 사용하도록 요청이 들어와 만 13세~18세 백신의 15% 범위 내에서 12세 이하 부족분으로 활용하도록 했다""고 밝혔다."
9999995,김정은 국무위원장 수해복구 현지지도 동행한 김여정,공감언론 뉴시스가 독자 여러분의 소중한 제보를 기다립니다.
9999995,"文대통령 ""李회장 리더십 큰 귀감될 것""",문재인 대통령이 고 이건희 삼성 회장 별세에 애도를 표했다.
9999995,지방공무원 7급 등 필기 2만 6천명 응시…5명 별도시험 치러,전국 17개 시·도에서 치러진 2020년도 지방공무원 7급 등 필기시험에 2만 6천여 명이 응시한 것으로 잠정 집계됐습니다.
9999995, 뉴욕증시 하락 출발…나스닥 1.3%↓,15일 뉴욕증시가 하락 출발했다.
9999995,"문대통령 ""한국 재계의 상징…별세 깊이 애도""",문 대통령은 이날 이 회장의 빈소가 마련된 서울 강남구 삼성서울병원 장례식장에 노영민 대통령 비서실장과 이호승 경제수석을 보내 유족에게 이 같은 내용의 위로 메시지를 전했다.
9999995,신한금융투자 회사채 발행에 6700억원 투자 몰려,신한금융투자의 회사채 수요예측에서 예정 발행 규모의 4배 이상의 투자금이 몰렸다.
9999995,"정 총리, 차량집회 부분허용에 ""걱정…법원 가이드라인 지켜달라""","정세균 국무총리는 소규모 '드라이브 스루' 개천절 집회를 조건부로 허용한 법원 결정에 대해 ""걱정된다""는 입장을 밝혔습니다."
9999995,백신접종후 사망 36명…접종계속 방침속 일부 지자체 보류 혼선,"이는 백신 접종과 사망 간의 인과 관계가 확인되지 않은 신고로, 질병관리청은 정확한 사인 등을 밝히기 위한 조사를 진행 중이다."
9999995,최종구? 민병두? 금융협회 맏형 '은행연합회장' 주인공 11월에 갈린다,26일 금융권에 따르면 은행연합회는 이날 서울 마포구 소재 프론트원에서 이사회를 열었다.
9999995,금주 행감 마무리…28일 관광공사 사장 예정자 청문,제주도의회가 내일부터 제388회 임시회를 속개해 각 상임위별로 행정사무감사와 조례안 심사를 이어가고 30일 본회의를 끝으로 회기를 마무리합니다.
9999995,홈플러스 대구점 결국 매각…유통업 구조조정 본격화,지난 1997년 문을 연 대형마트 홈플러스 대구점이  결국 매각됩니다.
9999995,농민단체 “농민수당 지급대상 확대해야”,농민단체가 농민수당 조례 개정을 촉구하고 나섰습니다.
9999995,대전 ‘고교 무상교육’ 전면 시행,대전지역 고등학교 무상교육이 이번 학기부터 전면 시행됩니다.
9999995,잠적했던 북한 조성길 전 주이탈리아 대사대리의 한국 입국 가능성 제기,북한으로 귀임을 앞둔 지난 2018년 11월 갑자기 잠적했던 조성길 전 주이탈리아 북한 대사대리가 한국에 있는 것으로 알려졌다.
9999995,"부동산 거래량 줄었는데…외국인, '강남 알짜' 골라 샀다","각종 규제로,  최근 부동산  매매 거래가  주춤해졌습니다."
9999995,충북 여행업체 백만 원씩 재난지원금 지급,충청북도와 11개 시·군이 코로나19로 어려움을 겪는 여행업체에 재난지원금을 지급합니다.
9999995,“단 하루 차이로 자격 안돼”…소상공인 두번 울리는 ‘새희망자금’,정부가  코로나19로 어려움을 겪는  소상공인들을 돕기 위해 소상공인 새희망자금을 지급하고 있죠.
9999995,"정의선 ""모빌리티 패러다임 전환"" 리센룽 ""韓 투자 늘린다""","그룹 싱가포르 글로벌 혁신센터 실증을 통해 고객의 전기차 구매부담 경감 및 사용 편의성 개선 방안도 연구한다. 현대차그룹이 미래 모빌리티의 전초기지로 싱가포르를 낙점한 것은 미래 성장성, 기술 수용도, 인재 확보 등 여러 방면에서 최적의 조건을 갖춰서다. 한편 이번 온라인 기공식과 회장 취임을 계기로 코로나19로 중단됐던 정 수석부회장의 글로벌 경영행보가 재개될 것이라는 전망이 나온다. 정 수석부회장은 올 2월 미국 워싱턴에서 열린 전미주지사협회 동계회의 리셉션에 참석한 후 해외 행사를 자제해왔다."
9999995,"금융위, 가계대출 줄이기 나선다…DSR 규제 확대 등 ‘핀셋 규제’ 유력",금융당국이 총부채원리금상환비율 규제를 강화해 급증하는 가계대출을 조이는 방안을 검토하고 있다.
9999995,"문정인 “공무원 피살사건 계기, 남북 정상회담해야…화상으로도 가능”","문정인 대통령 통일외교안보특보가 최근 서해에서 발생한 공무원 피살사건과 관련해, 남북 정상회담 필요성을 강조했습니다."
9999995,"이낙연 ""걱정마세요""에도 동학개미들 '대주주 3억' 와글와글",이낙연 더불어민주당 대표는 28일 민주당 공식 유튜브채널 '씀'을 통해 당원과 지지자들과 비대면으로 만나는 특별 대담 '소통방송 이낙연 저낙연' 시간 도중 '동학개미'들의 댓글이 쇄도하자 이같이 말하며 달래기에 나섰다.
9999995,충청권 중소기업 온라인 채용박람회 열려,대전.세종.충남 중소벤처기업청은 내일부터 다음달 13일까지 5주 동안 '중소기업 온라인 채용박람회'를 엽니다.
9999995,"한수원 사장 ""한빛 3·4호기 결함, 현대건설이 도의적 책임져야""","정재훈 한국수력원자력 사장은 12일 한빛 원전 3·4호기에서 다수 발생한 격납건물 공극과 관련해 ""현대건설이 도의적 책임을 져야 한다""고 밝혔다."
9999995,"확진자 사흘째 두자릿수…""추석 전후 거리두기가 관건""",국내 코로나19 신규 확진자가 75명 발생해 사흘째 두자릿수를 보였습니다.
9999995,강원도 양돈농장에서 아프리카돼지열병 의심사례 발견,강원도 화천군에서 아프리카돼지열병 의심 사례가 발견됐습니다.
9999995,제 934회 로또당첨번호 조회결과 오픈…1-3-30-33-36-39 보너스번호 12,제 934회 로또 당첨번호가 공개됐다.
9999995,‘1주택 재산세 인하’ 놓고 의견 갈리는 당청…與 9억원에 靑 ‘난색’,더불어민주당이 공시가격 9억 원 이하 1주택 소유자의 세 부담 완화를 검토하겠다고 밝힌 지 하루 만에 난관에 부딪혔다.
9999995,"다이슨, 현대백화점 중동점에 '다이슨 홈' 운영","다이슨 홈은 실제 집처럼 주방, 거실, 침실, 공부방, 드레스룸, 아이 놀이 공간으로 구성돼 있으며 공간별로 쓰임에 제품 소개와 사용 방법을 전담 직원한테 안내받을 수 있다."
9999995,"밀양 국제 VIRTUAL 요가 콘퍼런스, 온라인 비대면으로 성공리에 개최",밀양시가 주최하고 비베카요가가 주관하는 '밀양아리랑 국제 VIRTUAL 요가 콘퍼런스'가 성대하게 개최되었다.
9999995,‘국왕 서거’ 쿠웨이트에 조문사절단 파견… 文대통령 친서 전달,정부는 서거한 사바 알 아흐메드 알 자베르 알 사바 쿠웨이트 국왕의 서거와 관련해 김현미 국토교통부 장관을 단장으로 하는 조문사절단을 파견한다.
9999995,"금감원, 라임자산운용 '등록 취소'...최고 수위 제재",금융당국이 대규모 환매 중단 사태를 일으킨 '라임 사태'와 관련해 라임자산운용에 '등록취소' 결정을 내렸습니다.
9999995,"산자위, 공영홈쇼핑 최창희에 '집중포화'..'어이' 논란에 사과까지","게다가 최 대표는 정의당 류호정 의원에게 '어이'라고 발언했다가 ""혼잣말이었다""며 사과하기도 했다."
9999995,"통계청, 2020 인구주택총조사 내일부터 시작",2020 인구주택총조사가 내일부터 오는 31일까지 인터넷과 전화 등 비대면 방식으로 진행됩니다.
9999995,"추미애 ""나도 이 정도인지 몰랐다…불편한 진실 계속 이어져야""",추미애 법무부 장관이 검찰 개혁 및 수사지휘권·감찰권 발동을 공개적으로 비판한 이환우 제주지검 검사를 겨냥해 재차 SNS에 글을 올렸다.
9999995,경제부총리도 이사해야 할 판…가을 전세난 계속,서울의 전셋값이 67주 연속 오르면서 전·월세 시장 불안이 계속되고 있습니다.
9999995,"공정경제 3법이 기업 옥죈다?…공정위원장 ""전혀 동의 안해""",그는 구글에 대해 공정위 직권조사를 거쳐 빠른 시일 내에 위원회에 상정하겠다는 계획을 내놓으며 '네이버 페이'의 불공정 행위 여부 역시 들여다보겠다고 예고했다.
9999995,"지리산국립공원, 가을 불법 행위 단속 강화",지리산국립공원경남사무소는 가을 성수기를 맞아 샛길 출입 등 국립공원 안 불법·무질서 행위가 늘어날 것으로 예상됨에 따라 현장단속을 강화합니다.
9999995,"北, 김정은 우상화 박차...첫 장편소설도 등장",내년이면 집권 10년 차가 되는 김정은 국무위원장에 대한 우상화 작업이 탄력을 받고 있는 것으로 보입니다.
9999995,“호남고속철 2단계 ‘자갈 궤도’ 설계 위기”,호남고속철도 2단계 구간이 상대적으로 안전성이 떨어지는 '자갈 도상'으로 설계될 가능성이 크다는 주장이 나왔습니다.
9999995,"이도훈 ""큰 틀 짜고 있다""...내주 폼페이오 방한 주목",3박 4일 방미 일정을 마치고 돌아온 이도훈 한반도평화교섭본부장이 한반도 문제와 관련해 큰 틀을 짜고 있다고 밝혔습니다.
9999995,‘라임 사태’ CEO 제재에 법적 근거 다시 논란,금융감독원이 라임자산운용 사태와 관련해 판매사인 증권사 최고경영자들에게 중징계를 통보했다.
9999995,통관 기준 9월 수출 55억 달러…6개월 만에 반등,코로나19 여파에도 통관 기준 울산지역 수출이 6개월 만에 증가세로 돌아섰습니다.
9999995,"윤영덕 의원 ""광주 모 대학 유령강사료 9400여만원 지급 의혹""",6일 국회 교육위원회 더불어민주당 윤영덕 의원에 따르면 광주의 한 대학에 강의를 하지 않은 유령 강사 8명이 있는 것을 확인하고 사실관계를 파악하고 있다.
9999995,"민주당 주식 양도세 5억원 제안설에 ""그런 적 없어""","26일 박성준 더불어민주당 원내대변인은 기자들에게 문자메시지로 ""대주주 기준 5억원을 정부에 제안하지 않았다""고 밝혔다."
9999995,"北 황해북도 송림 인근 규모 2.5 지진 발생…""자연지진""","진앙은 북위 38.74도, 동경 125.89도다."
9999995,"하태경 ""北 시신 소각 입장 바꾼 국방부…장관 경질해야""","국민의힘 하태경 의원은 24일 서욱 국방부 장관에 대해 ""대한민국을 국제 거짓말쟁이로 만들었다""며 즉각적인 경질을 요구했다."
9999995,"카페 오가다, 한글날 맞이 태극기 캠페인 진행","코로나 19로 인해 특별방역 기간인 현재 전국에 거리두기 2단계의 핵심 조처들이 적용되고 있어, 개개인의 사회적 거리두기는 여전히 유효한 상황이다."
9999995,울산서 코로나19 확진자 발생…부산 450번 확진자 아내,3일 울산시에 따르면 울산 울주군에 거주하는 A씨가 코로나19 진단검사에 확진 판정을 받아 148번 확진자로 분류됐다.
9999995,"익산시, 연말까지 지역화폐 ‘다이로움’ 10% 추가 할인",익산시는 다음 달부터 연말까지 2개월 동안 지역 화폐인 '익산 다이로움'을 10% 추가 할인합니다.
9999995,"코로나19 산발적 감염 지속...""개천절 집회, 모두의 안전 위협""","코로나19 확진자 수가 이틀째 두 자릿수에 머물고 있지만, 여전히 수도권과 부산 등지에서 산발적 집단 감염이 이어지고 있습니다."
9999995,김정은 국무위원장 수해복구 현지지도 동행한 김여정,공감언론 뉴시스가 독자 여러분의 소중한 제보를 기다립니다.
9999995,5대 금융지주 자산건전성 양호…'코로나 지원' 부실 우려는 여전,31일 금융권에 따르면 KB금융ㆍ신한금융ㆍ하나금융ㆍ우리금융ㆍNH농협금융 등 5곳의 지난 9월 말 고정이하여신 비율은 대체로 개선된 모습을 보이고 있다.
9999995,"민주, 정정순 체포동의안 30일 원포인트 본회의 표결",공직선거법·정치자금법·개인정보보호법 위반 혐의로 21대 국회 첫 체포동의안이 접수된 더불어민주당 정정순 의원이 끝내 검찰 조사를 거부하자 민주당이 오는 30일 원포인트 본회의를 열어 체포동의안을 표결하기로 했다.
9999995, 본인들은 간다는데...또 나온 BTS '병역특례' 논란,대중문화 역사를 새로 쓰고 있는 그룹이죠.
9999995,"뉴욕증시, 기업 실적 발표 주시 상승 출발","오전 9시 59분 상승한 28,786.25에 거래됐다."
9999995,北 “공무원 피살사건 南 책임”…정부 “군 통신선부터 복구해야”,서해 상에서 발생한 우리 공무원 피살 사건에 대해 북한이 오늘 관영매체를 통해 다시 입장을 밝혔습니다.
9999995,中 코로나19 신규 13명·다시 사흘째 '본토 無'...252명 치료중,하지만 국외 유입자는 계속 발생하고 있으며 무증상 환자는 대폭 늘어나고 있다.
9999995,'재산세 감경안' 두고 서울시-서초구 법정 갈까…'조례 공포' 고수,21일 서초구 등에 따르면 조은희 구청장은 최근 서정협 서울시장 권한대행 측에 면담을 요청했다.
9999995,"검증 안된 '구충제 암치료', 노정희 남편 병원서 버젓이 홍보",중앙선관위원장 후보자 노정희 대법관의 남편이자 한의학 박사인 이모씨가 운영하고 있는 경기도 요양병원이 '구충제 성분' '산삼약침' '기공수련' 등 최근 논란이 된 암환자 치료 요법을 홈페이지에 버젓이 올려 홍보한 것으로 나타났다.
9999995,보험처리 된다고 해서 백내장 수술했는데... 보험사의 변심,최근 백내장 수술을 하게 된 정봉용씨는 현대해상으로부터 보험금을 줄 수 없다는 내용의 이메일을 받고 황당한 마음을 숨기지 못했다.
9999995,해킹은 있어도 정쟁은 없었다,21대 국회 첫 국정감사의 첫날. 7일 국회 행정안전위원회 행정안전부에서는 지방재정 분권 문제가 핵심 쟁점으로 떠올랐다.
9999995,"민주당 이낙연 대표, 내일 부안서 현장 최고위원회의",더불어민주당 이낙연 대표 등 당 지도부는 지역 상생을 위해 전국 시도를 돌며 진행하는 지역균형 뉴딜 현장 최고위원회의를 내일 부안군청에서 엽니다.
9999995,"'한반도 한바퀴' A380 직접 타보니…""기내식아, 반갑다""",이날 승객들은 신종 코로나바이러스 감염증로 해외여행길이 막히면서 인천공항을 출발해 다시 인천공항으로 되돌아오는 이른바 '한반도 일주 비행'에 참여한 승객들이다.
9999995,제 933회 로또당첨번호 조회결과 오픈…23-27-29-31-36-45 보너스번호 37,제 933회 로또 당첨번호가 공개됐다.
9999995,독감백신 접종후 사망자 총 9명…1명 아나필락시스 쇼크 가능성,"이 가운데 1명의 사인은 독감 백신 접종 부작용 가운데 하나로, 전신 중증 알레르기 반응인 '아나필락시스 쇼크'일 가능성을 배제할 수 없어 보건당국이 정밀 분석 작업을 진행 중이다."
9999995,"IMF, 韓 경제성장률 전망 소폭 상향…-2.1→-1.9%",국제통화기금이 올해 한국 경제성장률 전망치를 -2.1%에서 -1.9%로 상향 조정했다.
9999995,"서욱, 피격 공무원 실종된 서북도서 방문.. ""빈틈없는 대비태세 당부""",서 장관은 이날 오전 해병대 연평부대와 백령도 제6여단를 방문해 서북도서 방어를 위한 군사대비태세를 점검하고 장병들을 격려했다.
9999995,최정우 포스코 회장 “철강 공정도 장기적 탈탄소화해야”,최정우 포스코 회장이 “장기적으로 수소에 기반한 철강 공정의 탈탄소화가 이뤄져야 한다”며 “탄소 저감 기술 협업과 정보 공유를 위한 ‘그린 스틸 이니셔티브’를 추진하자”고 글로벌 철강업계에 제안했다.
9999995,"""美 법무부, 구글 검색엔진 반독점 위반 소송 제기""",20일 등에 따르면 미국 법무부는 이날 중 워싱턴DC 연방법원에 구글의 검색엔진 분야 등에서 구글의 불공정 행위에 대한 소장을 제출할 것으로 전해졌다.
9999995,"최장집 ""민주주의 위해 보수당이 민주당보다 잘 됐으면""","최장집 고려대 명예교수가 30일 ""조국 사태에 이견을 낸 한 명의 정치인도 용인 못 하는 게 오늘날 민주당""이라며 ""민주주의를 위해 보수당이 민주당 보다 잘 됐으면 좋겠다""고 말했다."
9999995,부산항만공사 미납채권 5년 사이 4배 늘어,부산항만공사 미납채권 규모가 지난 5년간 4배 이상 늘어난 것으로 나타났습니다.
9999995,"트럼프 ""이집트가 댐 폭파해버릴 것""…에티오피아 ""굴복 안 해""","AFP통신 등에 따르면 아비 아머드 에티오피아 총리실은 이날 나일강 상류에 건설 중인 '그랜드 에티오피아 르네상스 댐'과 관련해 ""하류에 있는 수단, 이집트 등과 대화로 문제를 풀기 위해 노력하고 있다""며 이같이 밝혔다."
9999995,"멕시코 방문 외교차관보, '포스트 코로나' 경제협력 시동","21일 외교부에 따르면 김 차관보는 19∼20일 양일간 멕시코시티에서 훌리안 벤투라 멕시코 외교부 양자차관, 마리아 델라모라 경제부 통상차관, 헤수스 세아데 외교부 북미차관, 다비드 바우티스타 멕·한 의원친선협회장 등을 면담했다."
9999995,日 나카소네 전 총리 장례식…남관표 주일대사 참석,일본 정부와 집권 자민당이 합동으로 주최한 이날 장례식에서 스가 요시히데 참의원 의장이 조사를 낭독했다.
9999995,"바이오엔테크·화이자, 공동 개발 중인 코로나19 백신 후보 EMA에 제출",미국 화이자와 독일 바이오엔테크가 공동 개발 중인 신종 코로나바이러스 감염증에 후보물질을 제출했다.
9999995,"조선업계, 암모니아 연료 선박 기술 개발 박차",환경규제 강화에 국내 조선업계가 LNG와 LPG선에 이어 친환경 연료인 '암모니아 추진선' 개발에도 박차를 가하고 있습니다.
9999995,韓-日 기업인 특별입국 합의…지역대 일본 취업 ‘숨통’,지역 전문대학에서 일본기업으로 취업을 준비 중인 재학생이나 취업을 확정 지은 졸업생들에게 기쁜 소식이 전해졌죠.
9999995,무심코 불어난 가지급금이 법인세를 높인다,가지급금이란 법인에서 실제 지출이 있었지만 내용이 불분명하거나 거래가 완전 종결되지 않은 일시적인 채권을 말합니다.
9999995,주택연금 문턱 낮춰 공시가 9억까지… 오피스텔도 됩니다,주택연금 가입 대상을 확대하는 내용의 주택금융공사법 개정안이 지난달 25일 국회 정무위원회에서 통과됐다.
9999995,`세계 3위` 도쿄증시 하루종일 멈췄다,1일 세계 3위 증시인 일본 거래소그룹 산하 도쿄증권거래소가 시스템 장애로 모든 주식 종목의 거래가 처음으로 온종일 중단됐다.
9999995,"은성수, 건배사 논란 이동걸 회장에 ""해임까지 말할 것 아냐""",은 위원장은 이날 국회 정무위원회의 금융위 대상 국정감사에서 '이 회장 해임을 요청해야 한다'는 국민의당 권은희 의원의 질의에 이같이 답했다.
9999995,"해수부, 28일 미국 물류시장 진출 기업 위한 온라인 투자설명회",해양수산부는 미국 동부지역 물류 시장에 진출하려는 기업들을 돕기 위해 28일 '제16회 해외사업 온라인 투자설명회'를 개최한다고 27일 밝혔다.
9999995,"""숨진 공무원 안전화는 어디 있나"" ""북한군 수색은 하고 있나"" 하태경 의원 송곳 추궁",북한에 의해 살해된 공무원 A씨를 둘러싼 정치권의 공방이 치열하다.
9999995,서울 가지 않고 지역에서 ‘직접’ 농산물 유통,"대형마트에 가보면 주변지역에서 생산한 농산물은 없고 왜 먼 지역 농산물만 있나 하는 궁금증,  한 두 번쯤 가지셨을 겁니다."
9999995,"""기내식, 너 본 지 오래됐다"" 하늘 한 바퀴 여행",여행에서 찍은 사진을 보며 여행을 가지 못하는 아쉬움을 달래는 분들 계실 겁니다.
9999995,"국민의힘 ""추미애, 또다시 궤변으로 국민 분노 자초""",보좌관에게 군 장교의 전화번호를 전달한 것을 지시로 볼 근거가 없다고 주장한 추미애 법무부 장관의 SNS에 대해 국민의힘은 추 장관이 또다시 궤변으로 국민 분노를 자초한다고 비판했습니다.
9999995,"김용민 ""진중권 사과하면 소 취하…금태섭은 언제 진보였나?""","김용민 더불어민주당 의원은 7일 진중권 전 동양대 교수를 향해 ""진심으로 사과한다면 소를 취하할 의향이 있다""고 밝혔다."
9999995,텅 빈 공항에 보안요원 근무 늘리기…돈 더 쓰며 왜?,지금 보시는 화면은 텅 빈 인천공항 터미널 모습입니다.
9999995,"나이지리아 시위 '심각'…대사관, 교민들에 '외출 금지' 당부","대사관 영사 담당 관계자는 이날 연합뉴스와 통화에서 ""어제부터  9개주로 확산됐다""면서 ""교민들에게 안전을 고려해 가급적 불필요한 외출을 하지 말아 달라고 공지했다""고 말했다."
9999995,뛰는 정부에 나는 갭투자자…집주인 1명이 전세금 449억 떼먹고 잠적,"7일 국토교통부와 주택도시보증공사에게 전세보증금을 돌려주지 못한 사례는 202건, 금액은 413억1100만원에 달했다."
9999995,한진重 입찰 KDB인베스트 등 7곳 참가,"한진중공업 매각에 KDB산업은행 자회사인 KDB인베스트먼트, 한국토지신탁 등 총 7곳이 겨루게 됐다."
9999995,"벤츠의 다임러, 분기 순손실 2.5조원에서 순익 2.8조원으로",23일 다임러는 올 전체 영업이익이 코로나 이전의 지난해와 같을 것으로 전망했다.
9999995,홍남기는 어쩌다 ‘전세 난민’ 샘플 신세가 됐나,홍남기 경제부총리 겸 기획재정부 장관이 전셋집에서 내몰리고 자신의 집은 팔기 어려워진 사연은 임대차보호법뿐 아니라 문재인 정부 출범 후 나온 23차례 부동산 대책이 복합적으로 작용한 영향이 크다.
9999995,밤사이 대전서 코로나19 확진자 2명 추가,밤사이 대전에서 코로나19 확진자 2명이 추가로 나왔습니다.
9999995,정보화진흥원-KT 협력 ‘AI 체험교육’ 시범 운영,한국정보화진흥원 코딩 체험교육’을 시범 운영한다고 21일 밝혔다.
9999995,"대전시, 국토부에 ‘도심융합특구’ 신청서 제출",정부가 대전을 비롯한 5개 광역시에 '제2의 판교 테크노밸리'로 불리는 도심융합특구를 건립하기로 한 가운데 대전시가 신청서를 제출했습니다.
9999995,"""후보 낼까요?"" 민주당 투표 돌입...국민의힘 맹비난",더불어민주당이 내년 4월 보궐선거에서 서울·부산시장 후보를 내기 위한 전 당원 투표에 돌입했습니다.
9999995," ""BTS에게 병역특례 주자"" 정치권 주장 살펴보니","민주당 노웅래 의원이 ""손흥민은 병역특례가 되는데 왜 BTS는 안 되냐""며 대중문화예술인도 특례 대상에 포함시키자고 주장했습니다."
9999995,“충북 2047년 고령 인구 비중 40.6%”,오는 2047년에는 충북지역 전체 인구의 40% 이상이 65세 이상 고령 인구가 될 것이라는 전망이 나왔습니다.
9999995,밀리터리 버거도 출시했는데… 이근 대위 출연 광고 삭제한 롯데리아,롯데리아가 최근 성추행 전과 논란이 인 인기 유튜버 이근 대위가 출연한 광고를 삭제했다.
9999995,"한국차, 美 시장 점유율 9년 만에 최고",국내 자동차 브랜드의 미국 시장 점유율이 9년 만에 최대를 기록했다.
9999995,"테슬라, 中에 수출한 모델S·모델X 3만대 리콜",미국 전기차 업체 테슬라가 중국에 수출한 세단 형태의 '모델S'와 다목적 스포츠유틸리티차량 '모델X' 총 3만대가량에 대한 리콜에 들어갔다.
9999995,"한수원, 청송에 대규모 풍력발전단지 준공…수상태양광도 기공",한국수력원자력은 경북 청송군 청송양수발전소 인근 청송 노래산 자락에 대규모 풍력발전단지 건설을 마치고 21일 준공식을 열었다고 밝혔다.
9999995,추석 온라인 쇼핑몰 영업실적 증가…식품·건강용품 주도,올 추석 연휴 온라인 쇼핑몰들이 지난해보다 좋은 영업실적을 올린 것으로 나타났습니다.
9999995,"김정호 의원 “한전, 2014년 밀양 송전탑 설치 때 약속 지켜야”",더불어민주당 김정호 국회의원은 22일 산업통상자원부와 한국전력이 지난 2014년 밀양 송전탑 설치 당시 밀양 주민에게 약속한 ‘나노산단 내 시설 유치’를 위한 부지 매입을 이행토록 촉구해 긍정적 답변을 받아냈다.
9999995,“‘2년 전 잠적’ 北 조성길 前 대사 대리 국내 정착”,2년 전 종적을 감췄던 북한의 조성길 전 주이탈리아 대사 대리가 국내에 정착했다고 복수의 국회 정보위원회 관계자들이 확인했습니다.
9999995,9월 수출 7.7% 증가…올 들어 최고 실적,"지난달 수출이  1년 전보다 7.7% 증가하며,  7개월 만에 반등했습니다."
9999995,헤어진 동거녀 가족에 흉기 휘두른 50대 검거,화순경찰서는 헤어진 동거녀의 가족에게 흉기를 휘두른 혐의로 51살 A씨를 붙잡아 조사하고 있습니다.
9999995, 학자금 대출 체납 급증,"이번 시간은, 최근 화제가 되고 있는 고용 소식과 산업 동향을 보다 자세히 전해드리는 '고용브리핑 365'시간입니다."
9999995,"한국후지제록스, 20년 연속 고객만족도 1위 달성",이로써 한국후지제록스는 한국산업의 고객만족도 조사에 사무용 복합기 부문이 신설된 2001년부터 한 차례도 빠짐없이 1위를 달성하며 올해로 연속 20년 1위를 차지하는 쾌거를 달성하게 됐다.
9999995,추가 부양책·대선 불확실성 증가에 뉴욕 증시 보합 출발,이날 오전 9시45분 현재 뉴욕증권거래소 상승한 2만8237.88에 거래되고 있다.
9999995,"비대면도 OK, 또 앞서간 '모범 상임위'",여야 없이 코로나19 대응에 힘을 합쳐 온 '모범 상임위' 국회 보건복지위원회가 8일 보건복지부·질병관리청 대상 국정감사 둘째날 '모범 국감'의 진면모를 보여줬다.
9999995,"한국타이어, 글로벌 타이어업계 시상식 'J2A 어워드'에서 '우수' 평가 획득",글로벌 선도 타이어 기업 한국타이어앤테크놀로지㈜' 평가를 획득하며 디지털 전환 성과를 인정받았다.
9999995,"윤석헌 작심발언 ""예산 독립방안 내놓겠다""",윤 원장은 23일 국정감사에서 최근 금융 문제를 둘러싼 당국 간 엇박자와 관련한 송재호 더불어민주당 의원의 질문에 “ 독립 방안을 만들어 제출하겠다”고 밝혔다.
9999995,"정의선, 현대차그룹 지배구조 개편 관심 집중",18일 재계에 따르면 정 회장 취임 이후 각계의 관심이 현대차그룹 지배구조 개편 시나리오에 쏠리고 있다.
9999995,문 대통령 “내년 경제 반등 이뤄야…전세시장 기필코 안정”,문재인 대통령이 오늘 국회에서 내년 예산안을 설명하는 시정연설을 했습니다.
9999995,여·야 지도부 다음 주 대구서 정책 협의,여야 지도부가 다음 주 대구를 찾아 내년도 대구경북의 주요 사업과 국비 확보 방안 등을 논의할 예정입니다.
9999995,"야당 작전성공? 전 靑행정관, 결국 국감 증인대 세운다",옵티머스 의혹의 중심에 선 이모 전 청와대 민정수석실 행정관이 국회 정무위원회 국정감사에 증인으로 채택됐다.
9999995, 국감 시작… 마이크에 위생망 설치,21대 국회 첫 국정감사가 7일부터 초유의 코로나19 사태 속에서 진행된다.
9999995,집단감염 여전...코로나19 방역수칙 모범 사례는?,"학교나 교회, 병원 등 코로나19는 때와 장소를 가리지 않고 우리 생활 깊숙이 들어와 집단 감염을 일으킵니다."
9999995,트럼프 코로나 확진에 전세계 증시 '휘청'… 다우선물 한때 500P 급락,도널드 트럼프 대통령과 부인인 멜라니아 여사가 신종 코로나바이러스감염증 양성 판정을 받았다는 소식에 전 세계 증시가 휘청했다.
9999995,"2030은 주식 투자 열풍…""왜 시작하셨어요?"" 물어보니",이렇게 코로나 위기 속에 2030세대 사이에서는 주식 투자 열풍이 불었습니다.
9999995,"文 대통령, 옛 아파트경비원 투병에 쾌유기원 ‘난’ 선물",문재인 대통령이 취임 전 살던 서울 홍은동 아파트 경비원의 암 투병 중 소식에 쾌유를 기원하며 난과 성금을 보냈다.
9999995,대구시민 1인당 온누리상품권 구매액 '전국 1위',전통시장 소비진작을 위해 마련된 온누리상품권에 대한 인기가 높아지고 있다.
9999995,"'상온 노출' 의심 독감백신 접종자 2천295명…정부, 수치 정정","이는 질병관리청이 앞서 밝힌 2천303명보다 오히려 8명 적은 것으로, 질병청의 수치 정정에 따라 접종자가 감소했다."
9999995,주파수·활주로이용…무형 공공재 최적가격 이론 제시,2020년 노벨 경제학상은 한마디로 '연구실에 박제된 경제학은 거부한다'는 말로 요약할 수 있다.
9999995,"진주시, 코로나19 위기 가구 생계 지원",진주시가 기존 복지제도나 코로나19 피해 지원을 받지 못하는 저소득 위기 가구를 대상으로 긴급 생계 지원을 추진합니다.
9999995, 수은주 뚝… 쌀쌀한 출근길,아침 기온이 10도 안팎까지 떨어진 5일 서울 광화문네거리에서 시민들이 두꺼운 옷차림으로 발길을 옮기고 있다.
9999995,한미 원자력 고위급위원회 화상회의…원자력 협력방안 협의,"이태호 외교부 제2차관과 마크 멘지스 미 에너지 부장관이 공동의장으로 주재한 이번 회의에는 양국의 외교부와 국무부, 원자력 관련 부처·기관 관계자들이 참석했다."
9999995,트레저데이터 한국 법인 공식 출범,"트레저데이터가 국내 법인, 트레저데이터 코리아를 설립했습니다."
9999995,"해양수산연수원,  세계풍력기구 기초안전교육 4개 과정 인증 획득",한국해양수산연수원로부터 기초안전교육 4개 과정 인증을 획득했다고 23일 밝혔다.
9999995,긴 장마에 잠자던 물가도 '고개'… 전월셋값은 2년 만에 최대 급등,올 들어 신종 코로나바이러스 감염증 사태와 저유가로 마이너스까지 넘나들던 소비자물가 상승률이 6개월 만에 1%대를 회복했다.
9999995,“집에서 시식”… 코로나로 늘어나는 ‘온라인 샘플링’,코로나19로 소비자가 현장에서 제품을 체험할 수 있는 행사가 줄어들면서 비대면으로도 체험 가능한 ‘온라인 샘플링’이 늘고 있다.
9999995,"일회용품 쓰레기 급증했지만 재활용 ‘저조’, 왜?",코로나19 감염 우려로 온라인 쇼핑과 음식 배달 주문이 크게 늘었는데요.
9999995,'상온 노출' 의심 독감백신 접종자 2천290명…하루새 380명 늘어,"질병관리청은 2일 인플루엔자 예방접종사업 관련 참고자료를 내고 ""현재 이 보고됐다""고 밝혔다."
9999995,"정부 ""日 오염수 처분 대응, 국제사회와 공조 강구""",일본 정부가 후쿠시마 원전 오염수를 정화 처리해 바다에 방류할 방침이라는 언론 보도에 대해 외교부는 국제 공조에 기반한 조치를 강구하겠다고 밝혔습니다.
9999995,전북 진안서 등산하러 나간 70대 실종…수색 중,진안경찰서와 전북소방본부에 따르면 이날 오후 3시 21분께 '등산을 하러 왔는데 가슴이 아프고 몸이 안 좋다'는 신고가 접수됐다.
9999995,"‘산재 은폐’ 5년간 4,500여 건…중대재해기업처벌법 있다면?",지난 일주일 동안 일하다
9999995,경남-부산-전남 광역 물류·관광 도로망 추진,"경상남도가 부산, 전남과 경남의 도시를 연결하는 21개 도로망 확충 사업을 정부와 협의하고 있습니다."
9999995,아파트서 충전 중이던 전기차에서 불,오늘 오전 2시 50분쯤 대구 달성군의 한 아파트 지하주차장의 완속 충전기에 연결돼 있던 전기차에서 불이 났습니다.
9999995,"이재명 ""이 나라는 기재부 아닌 국민의 나라…머슴임을 기억해라""","이 지사는 이날 자신의 페이스북에 '이 나라는 기재부 나라냐는 어떤 분 말씀이 생각납니다'라는 제목의 글을 올려 ""'부동산으로 돈을 벌 수 없게 하겠다'는 문재인 대통령의 말에 집값 안정의 모든 해답이 들어 있다""고 했다."
9999995,추미애 “번호 줬지만 지시는 아냐” vs 野 “추안무치”,"추미애 법무부 장관이 검찰의 무혐의 발표 이후, 쏟아진 거짓말 논란에 대해 처음으로 해명했습니다."
9999995,"법원, 개천절 '차량 9대 집회' 추가 허용…""규모 확대 안돼""","2일 법원에 따르면 서울행정법원 행정3부는 보수 시민단체 애국순찰팀이 경찰의 금지통고에 대해 낸 집행정지 신청과 관련, '일부 인용' 결정을 내렸다."
9999995,“파도에 떠밀리는 상륙 장갑차”…신형 도입 난항,"해병대는, 적 해안에 상륙해 진격할 교두보를 마련하는 역할을 하죠."
9999995,전남서 독감백신 맞은 90대 여성…3시간30분 만에 사망,전남지역에서 90대 여성이 독감 백신 접종 뒤 숨졌다.
9999995,농생명산업 메카로 ‘우뚝’…“균형 발전·관광 전략 고민”,농업과 첨단 기술을 접목한 농생명 산업으로 발전 가능성을 찾고 있습니다.
9999995,"신한금융, 대한민국 지속가능성보고서상 수상",수상 기업은 국제 지속가능경영보고서 작성 가이드라인을 기준으로 지속가능경영 분야 전문가와 이해관계자들의 평가를 통해 선정한다.
9999995,"현대중공업, 대우조선과 기업결합 위해 EU와 협상",4일 로이터통신 등 외신에 따르면 EU의 반독점 규제기관인 집행위원회가 현대중공업-대우조선해양의 기업결합 심사를 일시 유예한 가운데 현대중공업이 신속한 심사 통과를 위해 EU 집행위원회 측과 협상에 나선 것으로 전해졌다.
9999995,조문 마친 이재명 경기지사,공감언론 뉴시스가 독자 여러분의 소중한 제보를 기다립니다.
9999995, 신규확진 77명…하루 만에 다시 두 자릿수,어제 국내 코로나19 신규 확진자 수가 하루만에 다시 두자릿수로 떨어졌습니다.
9999995, 국립박물관 낙찰 보물이 ‘도난 문화재’…문화재청 책임?,원나라 승려 몽산화상이 기록한 부처님의 가르침을 조선 전기에 한글로 번역한 책입니다.
9999995,70대 할머니부터 '아미'까지…빅히트 공모 첫날 8.6조 몰렸다,오는 15일 코스피에 상장하는 방탄소년단의 소속사 빅히트 엔터테인먼트의 공모주 청약이 시작됐습니다.
9999995,몰라서 속고 믿다가 당하고...요지경 중고차시장,그러나 A업체의 ‘활약’은 오래가지 못했다.
9999995,,독감 백신 접종 후 사망자가 9명으로 늘면서 불안감이 커지고 있습니다.
9999995,양산서 승용차-SUV 충돌…1명 사망 · 4명 경상,"오늘 저녁 7시 40분쯤, 경남 양산시 교동의 한 도로에서 승용차가 SUV와 충돌한 뒤 불이 나 20여 분 만에 꺼졌습니다."
9999995,文 대통령 '탄소중립' 선언에…즉각 반응한 유엔 총장,문재인 대통령의 시정연설 내용 중 '탄소 중립' 선언에 안토니우 구테흐스 유엔 사무총장이 즉각 환영의 뜻을 밝혔다.
9999995,"북, 9월 중국서 주사기 660만개 수입…평양종합병원 용품 갖추나","중국 해관총서 통계에 따르면 지난달 북한은 주사기 661만개, 342만 달러어치를 중국에서 수입했다."
9999995,"이례적 새벽 개최, '숨김' 없었다…'축제' 분위기 버무려진 열병식",이날 정부 소식통은 북한이 새벽 평양 김일성 광장에서 대규모 장비와 인원을 동원해 열병식을 개최한 동향을 포착했다.
9999995,"‘경남 1%의 기적, 희망을 열다’ 업무 협약","KBS창원방송총국과 경상남도교육청, 창원상공회의소, 경남농협과 초록우산 어린이재단 경남본부가 오늘 KBS창원총국에서 '경남 1%의 기적, 희망을 열다'를 진행하기로 업무 협약을 맺었습니다."
9999995,천안시 야생조류서 AI항원 검출…발생지역 출입 통제,"농림축산식품부는 충남 천안시 봉강천에서 채취한 야생조류 분변에서 H5형 조류인플루엔자, AI 항원이 검출됐다고 밝혔습니다."
9999995,"'집값 상승' 책임회피한 靑···정무수석 ""박근혜 정부 부양책 탓""",최 수석은 28일 KBS 뉴스에 출연해 “박근혜 정부가  부양책을 써서 ‘대출을 받아 집을 사라’고 내몰아 집값이 올라갔다”며 “그 결과는 이 정부가 안게 됐다”고 말했다.
9999995,보령 해상서 어선 침몰…인명피해 없어,오늘 낮 12시 20분쯤 보령시 대천항 근처 바다에서 9.7톤급 어선 한 척이 침몰되는 사고가 나섰습니다.
9999995,조은산 “진중권이 예형? 관우·장비가 어떠한가”,조은산은 14일 밤 자신의 블로그에 ‘더불어민주당 박진영 부대변인의 논평에 관하여’라는 제목의 글을 올렸다.
9999995,"정부, 트럼프 코로나 확진 금융시장 영향 모니터링 착수","기재부 관계자는 ""트럼프 미 대통령의 확진이 금융시장에 불확실성을 증폭시킬 수 있다고 보고 모니터링 체제를 가동하기 시작했다""고 2일 말했다."
9999995, '상온 노출 의심 백신' 접종 현황,이는 질병청이 전날 발표한 2천290명에서 하루 새 13명 늘어난 것이다.
9999995,美 9월 수입물가지수 전월비 0.3% 상승,9월 수출물가지수는 전월 대비 0.6% 상승하며 전망치를 소폭 웃돌았다.
9999995,"""젊은층도 코로나 합병증…적극 방역정책 유지""",방역당국이 코로나19 전파를 막기 위해 지금처럼 확진자를 조기에 찾아내 격리치료하는 적극적인 개입정책을 이어가겠다고 밝혔습니다.
9999995,육군 장병 12명 '확진'…두달여 만에 포천서 또터진 집단감염,방역당국에 따르면 이 부대 내에서 병사 3명이 맛과 냄새를 못 느끼는 증상으로 양주국군병원과 국군수도병원에서 잇따라 검사 받은 뒤 이날 오전 7시께 확진 판정을 받았다.
9999995,"이번엔 김남국 직격한 서민 ""조국 똘마니 하려고 국회 입성, 역대급 활약""",서 교수는 28일 자신의 블로그를 통해 ‘패러다임의 변화를 가져온 의원님들’이라는 제목의 글을 올려 “이번  국정감사는 가히 ‘윤석열 국감’이라 부를 만하다. 윤석열 검찰총장에게 모욕을 줘 스스로 사퇴하게 만드려는 게 너무 티났다”고 말문을 열었다.
9999995,"文 ""유명희, WTO 최적임자""…브라질 대통령 ""능력 충분히 인정""","문 대통령은 이날 오후 9시부터 20분간 진행된 보우소나루 브라질 대통령과의 통화에서 ""브라질이 직전 WTO 사무총장 배출국으로, WTO 발전에 많은 기여를 해온 것을 잘 알고 있다""고 말했다고 강민석 대변인은 서면 브리핑에서 전했다."
9999995,"추미애 ""전화번호 전달, 지시로 볼 근거 없어""",아들 군 휴가연장 의혹과 관련해 '거짓 해명' 논란을 낳은 추미애 법무부 장관이 보좌관에게 군 장교 전화번호를 전달한 것을 지시로 볼 근거가 없다고 반박했습니다.
9999995,공모주 경쟁률 또 깨지나 '1억 원 내고 1주?',SK바이오팜과 카카오게임즈의 일반 공모주 청약에 많은 투자자들이 몰렸었죠.
9999995,"정 총리 ""검찰개혁 왜 필요한지 이명박 전 대통령 중형이 증명""",29일 '다스' 회사 자금을 횡령하고 삼성 등에서 거액의 뇌물을 챙긴 혐의로 이명박 전 대통령이 대법원에서 징역 17년이 확정된 것과 관련해 정세균 국무총리는 검찰 개혁의 당위성이 증명됐다는 견해를 밝혔다.
9999995,"여야 한 목소리로 ""환경부, 홍수 부실대응·부정확한 기상예보 개선해야""",국회 환경노동위원회가 23일 정부세종청사에서 개최한 환경부 및 기상청 종합 국정감사에서 여야가 올해 여름 발생한 수해와 부정확한 기상청 예보에 대해 환경부를 크게 질타했다.
9999995,'동쪽 伯의 숲'을 아시나요?,조해진 작가의 단편소설 <동쪽 伯의 숲>은 독일 작가들과 아시아 작가들의 교류회에서 만난 발터와 희수가 서신을 주고받는 내용으로 구성되어 있다.
9999995," 文, 이틀 만에 옵티머스 언급...주범들 ""서로 고소하자"" 모의",1조 원대 펀드 사기에서 정관계 로비 의혹으로 확대된 옵티머스 자산운용 사태의 파장이 계속해서 커지고 있습니다.
9999995,폼페이오 이어 왕이 방한도 연기...'미중 대결' 부담 덜까,폼페이오 미 국무장관에 이어 왕이 중국 외교부장의 방한 일정도 연기됐습니다.
9999995,"본설렁탕, 따뜻한 나눔 통해 더욱 풍성해지는 한가위 ‘한우설렁탕 황설’ 나눔 가져",본아이에프 설렁탕 브랜드 ‘본설렁탕’이 추석 명절을 앞두고 기독교국제협력기구인 지파운데이션을 통해 조손 가정에 ‘한우설렁탕 황설’ 500인분을 전달했다.
9999995,"ECB, 금리 동결···코로나19 대응채권 매입규모 유지","ECB는 이날 독일 프랑크푸르트에서 통화정책회의를 연 뒤 보도자료를 통해 기준금리를 현행 0%로 유지하고, 예금금리와 한계대출금리 역시 각각 -0.50%와 0.25%로 유지한다고 밝혔다."
9999995,"안다르, 복부 노출 부담 줄인 `지니 셋업 브라탑` 인기",애슬래저 리딩 브랜드 안다르가 운동 시 착용하면 좋은 퍼포먼스 브라탑 2종을 추천했다.
9999995,'라임사태' 증권사 제재심 결론 못내…KB증권 11월5일 심의키로,금융감독원이 29일 라임자산운용의 펀드를 판매한 증권사 3곳에 대한 제재심의위원회를 밤늦게까지 진행했지만 끝내 결론을 내지 못했다.
9999995,"변창흠 LH사장 ""대한항공 송현동 땅, 서울 타부지와 교환 검토""",변창흠 LH 사장이 대한항공 소유의 서울 송현동 땅을 매입해 택지 사업을 위한 서울 내 다른 부지랑 바꿀 수 있는 방안을 검토하고 있다고 밝혔다.
9999995,"전남도, 마을공동체 태양광발전소 ‘첫 가동’",전남 영암에 주민 소득과 연계한 마을공동체 태양광발전소가 도내 첫 준공돼 가동에 들어갔다.
9999995,3분기 주요상장사 영업이익 19% 늘듯,코스피 주요 상장사 3분기 영업이익이 지난해 동기대비 19% 증가할 것으로 전망되면서 ‘V자’ 회복세에 대한 기대감이 커지고 있다.
9999995,“장 보기 무서워” 추석 지나도 내리지 않는 채솟값,추석 연휴가 끝났는데도 하늘을 찌를 듯 오르는 식탁 물가는 멈추지 않고 있습니다.
9999995,동해북부선 ‘남강릉역’ 배제…물류단지 차질 우려,최근 공개된 강릉-제진 간 동해북부선 최적 노선에는 물류 기능을 담당할 이른바 '남강릉역'이 없습니다.
9999995,"靑 최재성 정무수석 ""윤석열 국감 발언 부적절""","최재성 수석은 28일 'KBS 뉴스9'에 출연해 윤석열 검찰총장이 최근 국감에서 '문재인 대통령이 총선 이후 임기를 지키며 소임을 다하라'고 했다는 발언에 대해 ""그 얘기를 꺼낸 것 자체가 부적절하다""면서 ""좀 부실한 언어""라고 말했다."
9999995, 韓을 향해 끝없이 소리쳐 부르는 유승준의 입국노래,유씨는 1990년대 말 가요
9999995,김봉현 옥중서신에 與 '공수처 시급' VS 野 '특검 도입',여야는 모두 ‘검찰 수사를 믿을 수 없게 됐다’면서도 다른 해석을 내놨다.
9999995,‘수도권 대체매립지’ 선정 난항…‘쓰레기 정책’ 전환 시급,"서울과 경기도, 인천 등 수도권의 쓰레기를 처리하는 인천 서구의 수도권매립지는 서울 여의도의 6배 규몹니다."
9999995,"""오지고 조졌다"" 당신이 몰랐던 의외의 표준어들",편한 사람들과 대화를 하다
9999995,올해 마지막 ‘인제 에누리장터’ 내일까지 열려,인제군은 내일까지 인제읍 ‘농특산물판매장’에서 올해 마지막 ‘에누리장터’를 엽니다.
9999995,“공주교대 1순위 총장후보 임용 거부 교육부 처분 취소”,공주교대 1순위 총장 후보의 임용제청을 거부한 교육부 처분이 위법이라는 법원 판결이 나왔습니다.
9999995,"여당 의원들, 베트남 석탄발전 투자에 반기…""기후악당 자임""","이들은 이날 국회 소통관에서 기자회견을 열고 ""한전의 베트남 붕앙2 투자 결정은 우리나라 스스로 기후악당을 자임한 것""이라며 강하게 비판했다."
9999995,‘코로나 피해 업종’ 소비쿠폰 이달 말 배포 ‘소비 살리기’,정부가 코로나19의 재확산으로 중단됐던 소비할인권을 배포한다.
9999995,① 투기지구 지정에도…꺼지지 않는 가을 청약시장,"6.17 부동산 대책으로 대전이 투기과열지구와 조정 대상 지역으로 지정된 지 석 달이 넘었지만, 부동산 시장은 여전히 뜨겁습니다."
9999995,"브레이너드 Fed 이사 ""'K자형 회복' 막기 위해 부양정책 필요""","브레이너드 이사는 20일 사태 이후 경제 회복이 여전히 높은 불확실성을 가지고 있고 매우 불균형하다""라고 말했다."
9999995,"""하나님 통치"" ""한강갈뻔"" 국민의힘 청년위 면직·내정취소","국민의힘이 2일 ""하나님의 통치"" ""한강 갈 뻔"" 등 공감 어려운 부적절 표현으로 자기 소개 논란을 자초한 중앙청년위원회 부위원장 2명을 면직 처분했다."
9999995,"'빅히트' 4대 주주, 상장 직후 주식 팔아 3,644억원 현금 챙겨","엔터테인먼트의 4대 주주 메인스톤과 그 특별관계인이 빅히트 주식 3,644억원 어치를 대거 매도해 현금화한 것으로 드러났다."
9999995,"정의당, 추미애 장관·검사들에게 “‘커밍아웃’ 표현 사용 말라”",정의당은 30일 추미애 법무부 장관과 검사들이 장관에 대한 공개 비판 행위를 ‘커밍아웃’이라고 표현한 데 대해 “성소수자 인권운동이 걸어온 역사성을 훼손하는 일”이라며 ‘커밍아웃’ 용어 사용 중단을 촉구했다.
9999995,한국판 뉴딜 핵심은 ‘지역균형’…전북 과제는?,정부가 추진하는 한국판 뉴딜의 핵심축으로 '지역균형 뉴딜'이 제시됐습니다.
9999995,청주 시내버스 40% ‘감축’…준공영제 예산은 ‘증가’,청주지역 시내버스 40%가 감축 운행되고 있습니다.
9999995,코레일 “내년 11월부터 마일리지 소멸…남김없이 써주세요”,한국철도가 KTX 마일리지가 없어지기 전에 꼭 쓰도록 독려하고 나섰다.
9999995,스마트 그린도시 구축…3개 기업 머리 맞댄다,포스코와 KT가 손잡고 스마트 그린도시 구축 사업에 나선다.
9999995,"시스템 장애로 1일 거래 정지된 도쿄증시, 2일 정상거래 재개","도쿄 증권거래소는 ""시장 재개를 위해 문제없도록 대응하고 있으며, 2일에는 정상적으로 거래가 이뤄질 것""이라고 밝혔다."
9999995,"""소비자 보호"" ""골목상권 넘봐""…격화되는 현대차 중고차시장 진출 논란",현대자동차의 중고차 시장 진출을 놓고 대기업이 신산업을 발굴하는 대신 손쉽게 이익을 추구하려고 골목상권에 뛰어든 것 아니냐는 논란이 일고 있다.
9999995,공동조사 요구에 대답 없는 北...옥토버 서프라이즈 기대 하락,우리 공무원이 북한군 총격에 숨진 사건을 남북 공동으로 조사하자는 우리 요구에 북측은 일주일째 답을 하지 않고 있습니다.
9999995,이라크 건설공사 현장서 대우건설 간부 숨진 채 발견,이라크 신항만 프로젝트에 투입된 대우건설 간부가 현지에서 숨진 채 발견돼 당국이 수사에 나섰다고 AP통신이 지난 10일 보도했다.
9999995,"기재부 ""대주주 요건 3억은 유지, 합산과세는 완화 검토""",4일 정부와 국회 등에 따르면 기획재정부는 주식 양도세의 대주주 요건에 대한 보완 방안을 검토 중이다.
9999995, 검색창에 우리 상품 먼저?…“네이버 알고리즘 조작”,"온라인 쇼핑을 할 때 가장 먼저 하는 건 검색, 어디에서  가장 싼 물건을 살 수 있는지 알아보기 위해섭니다."
9999995,"LG전자, 허지웅과 함께 홈브루 문화살롱 ‘살롱 드 홈브루’ 열어",공감언론 뉴시스가 독자 여러분의 소중한 제보를 기다립니다.
9999995,"구글 ‘인앱결제 방지법’, 국감기간 내 처리 무산",구글의 인앱결제 강제와 수수료 30%를 방지하는 내용의 ‘전기통신사업법 개정안’의 국회 상임위 통과가 무산됐다.
9999995,"윤석열 ""라임 접대 유흥주점, 김봉현 체포전 압수수색""","이는 전 청와대 행정관 향응 제공 의혹 수사중 이뤄진 압수수색으로, 김봉현 전 스타모빌리티 회장 체포 전 이뤄진 것으로 파악된다."
9999995,북한 예년보다 '조용한 추석'…씨름경기 중계도 편성표서 빠져,"북한도 오늘 추석을 맞았지만, 올해는 코로나19 사태와 태풍 피해가 겹치면서 예년보다 가라앉은 분위기 속에 명절을 보내고 있습니다."
9999995,부동산 시장 들끓는데…이낙연-이재명 서로 다른 노선,부동산 대책을 둘러싼 더불어민주당 이낙연 대표의 고민이 깊어지고 있다.
9999995,"감사원 ""월성1호기 경제성 저평가""...폐쇄 타당성 판단은 '유보'",감사원이 월성 원자력발전소 1호기의 경제성 평가가 불합리하게 낮게 평가됐다고 결론 내렸습니다.
9999995,한전 3분기 2조 원대 흑자 전망…연료비 연동제 도입 탄력받나,한국전력이 올해 3분기에 2조 6000억 원 규모의 흑자를 낼 것으로 전망됐다.
9999995,"주호영 “청와대 경호처장, ‘몸수색’ 사과…수용한다”","문재인 대통령의 국회 시정연설 전 환담장 앞에서 국민의힘 주호영 원내대표가 대통령경호처로부터 “수색을 당한 것에 대해 유연상 경호처장이 29일 사과하고, 주 원내대표가 일단 이를 수용했다. 하지만 야당에선 경호처 폐지 요구가 나오는 등 여진은 계속됐다. 주 원내대표는 동아일보와의 통화에서 ”오전  국회 운영위원장실에 갔더니 유 처장이 와 있었고, 그 자리에서 ‘의전이 매끄럽지 못했던 것에 대단히 죄송하다’고 사과를 하더라."
9999995,"에너지공단, 코로나 위기 극복  ‘KEA With You’ 프로젝트 교육 오픈",한국에너지공단은 기업의 에너지절감 기술 함양에 도움이 될 ‘KEA With You’ 프로젝트의 첫 교육을 오는 27일부터 11월 30일까지 온라인으로 진행한다고 19일 밝혔다.
9999995,,이건희 삼성전자 회장이 쓰러진 지 6년여 만에 향년 78세로 별세했습니다.
9999995,남부내륙 노선 갈등 일단락…거제는 역사 놓고 ‘시끌’,"지난해 말 창원시가 남부내륙철도 노선에 대해 진주 대신 함안을 거치는 노선을 국토교통부에 건의하면서, 자치단체 간 갈등을 빚기도 했는데요."
9999995,확진자 닷새째 두자릿수…취약시설 중심 집단감염 지속,코로나19 신규 확진자가 58명 발생해 닷새째 두 자릿수를 유지했습니다.
9999995,‘무너진 금융시스템’…부실 투자·게이트로 번진 정책 실패,"옵티머스 사태에선 지난해 라임 사태, 올초 DLF 사태 등에서 확인한 사모펀드의 문제점이 다시 한번 드러났습니다."
9999995,과잉 공급에 중국산까지…마스크 공장 줄폐업 위기,"남들 다 할 때 투자하면 늦다,는 말이 있는데 마스크 업계에서도 비슷한 상황이 벌어지고 있습니다."
9999995,미 대선 불확실성에 박스권 놓인 코스피,24일 한국거래소에 따르면 코스피는 19일 2346.74에서 23일 2360.81로 마감해 좁은 박스권 내에서 움직였다.
9999995,"유럽·베트남 다녀온 이재용, 다음 출장지는 일본?",이재용 삼성전자 부회장이 베트남 출장을 마치고 23일 귀국했다.
9999995,"가구 3년, 도서·보일러 4년 대리점계약 보장…표준계약서 제정","가구, 도서·출판, 보일러 대리점에 3∼4년의 최소계약기간을 보장해주는 표준계약서가 마련됐다."
9999995,"""文정부 기후악당 자인"" 베트남 석탄투자에 반기 든 與의원","더불어민주당 이소영, 양이원영 의원이 5일 한국전력이 베트남 붕앙2 석탄발전소 투자 사업을 계획대로 투자한다는 결정에 대해 ""우리나라가 기후 악당임을 자인한 것""이라고 강도 높게 비판했다."
9999995,경기 용인 청미천 야생조류 분변서 AI 항원 검출,해당 항원의 고병원성 여부 판정은 1~2일 정도가 소요될 전망이다.
9999995,"춘천시민버스 대표, “녹색조합 주식 인수 의향”",김건식 춘천시민버스 대표가 대주주인 춘천녹색시민협동조합이 포기 의사를 밝힌 시내버스회사 지분을 사비를 들여서라도 인수하겠다고 밝혔습니다.
9999995,"뉴욕증시, 실적시즌 시작·부양책 주시 혼조 출발","오전 10시 하락한 28,771.17에 거래됐다."
9999995,"야스쿠니 다시 찾은 아베…정부 ""깊은 우려와 유감""",정부는 19일 아베 신조 전 일본 총리가 야스쿠니 신사를 또다시 참배한 것과 관련해 유감을 표명했다.
9999995,"스페인 지방법원, 마드리드 봉쇄령 기각…""기본권 침해""",마드리드 고등법원은 8일 중앙정부가 마드리드와 주변 9개 도시에 부과한 봉쇄령이 기본권을 침해한다며 이같이 결정했다고 일간 엘파이스가 전했다.
9999995,"코로나19 시대, 전통시장도 ‘라이브 커머스’","코로나19 시대, 온라인 동영상 중계를 통해 상품을 소개하고 팔기도 하는 신종 유통망, 이른바 '라이브 커머스'가 빠르게 확산하고 있습니다."
9999995,'차별화'된 정책 국감…'깜짝 활약' 누구?,"14일 국회에서 열린 기획재정위원회의 관세청, 통계청, 조달청 국정감사에선 기동민 더불어민주당 의원의 ‘깜짝 활약’이 돋보였다."
9999995,“민로남불” 재판 불참하고 미국 가있는 민경욱은 괜찮나? 박범계의 일침,"강경화 외교부 장관의 배우자가 억대 요트 구입을 위해 미국 여행을 떠난 것과 관련, 정치권 내에서 하루종일 갑론을박이 벌어졌다."
9999995,"""火끈하게 불타오르네?"" 저가형 애플워치 '애플워치SE', 발열·폭발 논란 휘말려",애플이 스마트워치의 대중화를 표방하며 출시한 저가형 애플워치인 '애플워치SE 40㎜'모델이 출시 한달도 안돼 발열·폭발논란에 휘말렸다.
9999995,경북도유지 매각 추진…“세수 확보 차원”,코로나19 등으로 열악해진 재정을 메우기 위해 경상북도가 도유지 매각에 적극 나섭니다.
9999995,"에듀윌 전기기사 회로이론·설비기준·전기응용·공사재료 김영복 교수, 합격 전략 밝혀",종합교육기업 에듀윌의 전기기사 대표 교수 김영복 교수가 회로이론·설비기준·전기응용·공사재료 수험생들의 합격을 위한 학습 전략을 밝혔다.
9999995,"국민의힘 조경태 ""김종인 비대위 여기서 끝내야…전당대회 열자""",국민의힘 조경태 의원이 20일 김종인 비상대책위원장이 이끄는 비대위 체제를 끝내고 전당대회를 개최를 제안했다.
9999995,"'재인 산성' 공방 계속...문 대통령 ""경찰 방역에 최선""",개천절 불법 집회를 막기 위한 경찰의 봉쇄조치를 두고 정치권의 공방이 오늘도 계속됐습니다.
9999995,"남해안 3개 시도, 고부가가치 항만배후단지 조성 건의",부산시는 경남·전남도와 함께 고부가가치 항만배후단지 환경 조성을 위한 법·제도 개선 방안을 중앙부처와 국회 관련 상임위원회에 공동으로 건의했습니다.
9999995,용인 청미천 야생조류 고병원성 조류인플루엔자 확진…두번째 사례,지난 25일 충남 천안시 봉강천 일대에서 고병원성 조류인플루엔자 바이러스가 처음 나온 데 이어 3일 만의 두 번째 사례다.
9999995,추석 고속도로 정체 대부분 해소…부산→서울 4시간 30분,추석 당일인 오늘 절정에 달했던 전국 고속도로 정체가 저녁이 되면서 대부분 해소됐습니다.
9999995,"추미애·조국, '이렇게 커밍아웃해 주시면 개혁만이 답' 비판 검사 저격",추미애 법무부 장관과 조국 전 법무부 장관이 29일 추 장관을 비판한 평검사에게 '개혁만이 답'이라고 비판했다.
9999995,"유명희, 유럽에서 WTO 사무총장 향한 잰걸음",유 본부장은 지난달 27일부터 2일까지 스위스 제네바와 스웨덴 스톡홀름에서 차기 WTO 사무총장 선출 2차 라운드를 앞두고 지지교섭 활동을 펼쳤다.
9999995,"이낙연 ""택배법 이번 회기에 처리""…김종인, 김택진 만나",국정감사를 마무리한 여야 대표가 각자 다른 행보를 이어가며 바쁜 하루를 보냈습니다.
9999995,"권익위, ‘검찰 옴부즈만 제도’ 도입 추진",국민권익위원회가 검찰 수사과정의 인권침해 요소를 조사하는 ‘검찰 옴부즈만 제도’ 도입을 추진한다.
9999995,"서부발전, 대전·충청 공공기관과 ‘일자리 아이디어톤’ 개최","한국서부발전을 비롯한 국가철도공단, 한국가스기술공사, 한국수자원공사, 한국조폐공사 등 대전·충청지역의 5개 공공기관은 양질의 일자리 창출과 사회적 가치 실현을 위해 국민이 직접 일자리 사업을 기획하는 ‘대전·충청 공공기관 일자리 아이디어톤’ 참가자를 13일부터 오는 30일까지 온라인으로 모집한다고 13일 밝혔다."
9999995," 이낙연 대표, 추석 맞아 고 노무현 대통령 묘소 참배",더불어민주당 이낙연 대표가 추석을 맞아 김해 봉하마을을 찾아 고 노무현 전 대통령 묘소를 참배 권양숙 여사를 예방했습니다.
9999995,"미타라이 전 게이단렌 회장 ""온화하고 강력한 카리스마""",미타라이 후지오 캐논 회장 겸 사장은 25일 내놓은 추도문을 통해 이건희 회장의 탁월한 경영 능력에 대한 평가와 함께 안타까움을 표했다.
9999995,"라임 사태, 증권사 첫 제재심 결롯 못내...내달 5일 추가 논의",금감원은 이날 오후 10시20분 신한금융투자와 대신증권에 대한 검사결과 조치안을 심의했지만 결론을 내지 못했다고 밝혔다.
9999995,"中 공청단 ""6.25전쟁은 남침 아닌 '내전'""… '제2의 동북공정' 속도내는 中",중국 공산주의청년단이 6.25전쟁이 북한의 남침이 아닌 내전이라고 주장한 사실이 드러났다.
9999995,"이명박 전 대통령 ""법치가 무너져, 진실은 밝혀질 것""","이 전 대통령은 이날 형이 확정 이후 입장문을 통해 ""나라의 미래가 걱정된다""며 이같이 강조했다."
